name,item_code,code,hsncode,is_product_serial
KPHONE 9 KARBONN,1100003,,85171290,1
D1 DETEL,1100004,,85171290,1
D800 DETEL,1100005,,85171290,1
A1 GIONEE  BLACK,1100007,,85171290,1
A1 GIONEE  GREY,1100008,,85171290,1
A1 GIONEE  LITE BLACK,1100009,,85171290,1
A1 GIONEE  LITE GOLD,1100010,,85171290,1
A1 GIONEE  PLUS BLACK,1100011,,85171290,1
A1 GIONEE  PLUS GOLD,1100012,,85171290,1
P5L GIONEE,1100015,,85171290,1
P7 GIONEE  MAX GOLD,1100016,,85171290,1
P7 GIONEE  MAX GREY,1100017,,85171290,1
X1 GIONEE  GOLD,1100019,,85171290,1
HONOR 8 HUAWEI  LITE BLUE,1100025,,85171290,1
HONOR 9I HUAWEI  BLUE,1100027,,85171290,1
HONOR 9I HUAWEI  GOLD,1100028,,85171290,1
HONOR BEE 2 HUAWEI,1100029,,85171290,1
HONOR HOLLY 2+ HUAWEI,1100031,,85171290,1
HONOR HOLLY 3  HUAWEI  GOLD,1100033,,85171290,1
HONOR HOLLY 3  HUAWEI  WHITE,1100034,,85171290,1
HONOR HOLLY 4 HUAWEI,1100036,,85171290,1
HONOR HOLY 4+ HUAWEI  GOLD,1100037,,85171290,1
HONOR HOLY 4+ HUAWEI  GREY,1100038,,85171290,1
HONOR HOLY 4+ HUAWEI  SILVER,1100039,,85171290,1
IBALL SLIDE SNAP 4G2 TAB,1100043,,84713090,1
IPHONE SE 32GB GREY,1100067,,85171290,1
IPHONE SE 32GB ROSE GOLD,1100068,,85171290,1
IPHONE SE 32GB GOLD,1100072,,85171290,1
AQUA LIONS INTEX  4G,1100073,,85171290,1
I1518 ITEL,1100079,,85171290,1
S41 ITEL,1100082,,85171290,1
A1 KARBONN  INDIAN,1100083,,85171290,1
AURA NOTE KARBONN  4G,1100086,,85171290,1
K10 KARBONN,1100088,,85171290,1
K49 KARBONN  ROCK,1100094,,85171290,1
A77 LAVA,1100099,,85171290,1
A97 LAVA  IPS,1100101,,85171290,1
X41 LAVA  PLUS,1100105,,85171290,1
K6 NOTE LENOVO  3GB GOLD,1100109,,85171290,1
K8 NOTE 3GB LENOVO  BLACK,1100114,,85171290,1
K8 NOTE 3GB LENOVO  GOLD,1100115,,85171290,1
H930 LG  V30 PLUS BLACK,1100120,,85171290,1
H930 LG  V30 PLUS SILVER,1100121,,85171290,1
X240I LG  K8 BLACK BLUE,1100130,,85171290,1
X240I LG  K8 GOLD BLACK,1100131,,85171290,1
C1 MICRO MAX  CANVAS 1,1100133,,85171290,1
Q300 MICRO MAX,1100135,,85171290,1
Q402 MICRO MAX BHARATH 2 PLUS,1100138,,85171290,1
Q402 MICRO MAX BHARATH 2 ULTRA,1100139,,85171290,1
Q402+ MICROMAX  BHARAT2+,1100140,,85171290,1
Q4310 MICRO MAX  CANVAS 2,1100143,,85171290,1
Q440 MICRO MAX  BHARATH 4,1100145,,85171290,1
X072 MICRO MAX,1100149,,85171290,1
X097 MICROMAX,1100150,,85171290,1
X328 MICRO MAX,1100153,,85171290,1
X706 MICRO MAX,1100158,,85171290,1
X730 MICRO MAX,1100159,,85171290,1
X920 MICRO MAX,1100163,,85171290,1
X970 MICRO MAX,1100164,,85171290,1
E4 MOTO  GOLD,1100165,,85171290,1
E4 PLUS MOTOROLA  GREY,1100168,,85171290,1
G5 PLUS MOTO  32GB GREY,1100170,,85171290,1
G5S MOTOROLA  GREY,1100172,,85171290,1
G5S MOTOROLA  PLUS,1100173,,85171290,1
MOTO C PLUS  BLACK,1100177,,85171290,1
MOTO C PLUS  GOLD,1100178,,85171290,1
N3 NOKIA  BLUE,1100208,,85171290,1
N3 NOKIA  WHITE,1100210,,85171290,1
A1601 OPPO  F1S 64GB GOLD,1100229,,85171290,1
A1601 OPPO  F1S 64GB GREY,1100230,,85171290,1
A37 OPPO  BLACK,1100231,,85171290,1
A37 OPPO  GOLD,1100232,,85171290,1
A37 OPPO  GREY,1100233,,85171290,1
A57 OPPO  BLACK,1100234,,85171290,1
F3 OPPO  GOLD,1100240,,85171290,1
F5 OPPO  YOUTH BLACK,1100248,,85171290,1
F5 OPPO  YOUTH GOLD,1100249,,85171290,1
ELUGA A3 PRO PANASONIC  GOLD,1100250,,85171290,1
ELUGA A3 PRO PANASONIC  GREY,1100251,,85171290,1
ELUGA A3 PRO PANASON MOCHA GLD,1100252,,85171290,1
ELUGA A4 PANASONIC  GOLD,1100253,,85171290,1
ELUGA A4 PANASONIC  MOCHA GLD,1100254,,85171290,1
ELUGA I9 PANASONIC  GOLD,1100255,,85171290,1
ELUGA I9 PANASONIC  GREY,1100256,,85171290,1
P91 PANASONIC  BLACK,1100261,,85171290,1
P91 PANASONIC  BLUE,1100262,,85171290,1
P99 PANASONIC  GOLD,1100266,,85171290,1
C900F SAMS  GLX C9 PRO BLACK,1100282,,85171290,1
C900F SAMS  GLX C9 PRO GOLD,1100283,,85171290,1
G570FO SAM GLX J5 PRIM 32GBBLK,1100285,,85171290,1
J200G SAMSUNG  GLX J2 WHITE,1100299,,85171290,1
J701F SAMS  GLX J7 NXT BLACK,1100304,,85171290,1
J730G SAMS  GLX J7 PRO BLACK,1100308,,85171290,1
G2199 SONY  XPERIA R1 BLACK,1100320,,85171290,1
G2199 SONY  XPERIA R1 SILVER,1100321,,85171290,1
G2299 SONY XPERIA R1 PLUS BLK,1100322,,85171290,1
G2299 SONY XPERIA R1 PLUS SLV,1100323,,85171290,1
G3116 SONY  XPERIA XA1 BLACK,1100324,,85171290,1
G3226 SONY XPERIA XA1 ULTR BLK,1100325,,85171290,1
G3226 SONY XPERIA XA1 ULTR GLD,1100326,,85171290,1
G3226 SONY XPERIA XA1 ULT WHIT,1100327,,85171290,1
G3416 SONY XPERIA XA1 PLUS BLK,1100328,,85171290,1
G3416 SONY XPERIA XA1 PLUS BLU,1100329,,85171290,1
G3416 SONY XPERIA XA1 PLUS GLD,1100330,,85171290,1
G8142 SONY XPERIA XZ PREM. BLK,1100331,,85171290,1
G8142 SONYXPERIA XZ PREM.CHROM,1100332,,85171290,1
G8232 SONY  XPERIA XZS BLACK,1100333,,85171290,1
G8232 SONY  XPERIA XZS BLUE,1100334,,85171290,1
G8342 SONY  XPERIA XZ1 BLACK,1100335,,85171290,1
H4331 SONY  XPERIA L2 BLACK,1100336,,85171290,1
H4331 SONY  XPERIA L2 GOLD,1100337,,85171290,1
V7 VIVO  BLACK,1100338,,85171290,1
V7 VIVO  BLUE,1100339,,85171290,1
V7 VIVO  PLUS BLACK,1100341,,85171290,1
Y53 VIVO  BLACK,1100344,,85171290,1
Y53 VIVO  GOLD,1100345,,85171290,1
Y55S VIVO  BLACK,1100346,,85171290,1
Y55S VIVO  GOLD,1100347,,85171290,1
Y55S VIVO  GREY,1100348,,85171290,1
Y66 VIVO  BLACK,1100350,,85171290,1
Y69 VIVO  BLACK,1100351,,85171290,1
MI A1 XIAOMI  BLACK,1100353,,85171290,1
MI A1 XIAOMI  GOLD,1100354,,85171290,1
MI A1 XIAOMI  RED,1100355,,85171290,1
REDMI 4 XIAOMI  2GB/16GB BLK,1100356,,85171290,1
REDMI 4 XIAOMI  2GB/16GB GOLD,1100357,,85171290,1
REDMI 4 XIAOMI  3GB/32GB BLK,1100358,,85171290,1
REDMI 4 XIAOMI  3GB/32GB GOLD,1100359,,85171290,1
REDMI 4 XIAOMI  4GB/64GB BLK,1100360,,85171290,1
REDMI 4 XIAOMI  4GB/64GB GOLD,1100361,,85171290,1
REDMI 4A XIAOMI  3GB/32GB GLD,1100362,,85171290,1
REDMI 4A XIAOMI  GOLD,1100363,,85171290,1
REDMI 5A XIAOME  3GB/32GB GLD,1100367,,85171290,1
REDMI 5A XIAOME  3GB/32GB GRY,1100368,,85171290,1
REDMI NOTE3 XIAOME  16GB,1100371,,85171290,1
REDMI NOTE4  4GB/64GB BLU,1100374,,85171290,1
REDMI NOTE4  4GB/64GB GLD,1100375,,85171290,1
REDMI NOTE4  4GB/64GB GRY,1100376,,85171290,1
REDMI Y1 LITE  2GB/16GB GLD,1100377,,85171290,1
REDMI Y1 LITE  2GB/16GB GRY,1100378,,85171290,1
REDMI Y1 LITE  2GB/16GB RGLD,1100379,,85171290,1
REDMI Y1 XIAOMI  3GB/32GB GLD,1100380,,85171290,1
REDMI Y1 XIAOMI  3GB/32GB GRY,1100381,,85171290,1
A730F SAMS  GLX A8 PLUS BLACK,1100383,,85171290,1
DEMO A3 PRO ELUGA PANASONIC,1100389,,85171290,1
DEMO A37 OPPO,1100390,,85171290,1
DEMO G570F GALAXY J5 PRIME,1100393,,85171290,1
DEMO J7 NXT J701FY,1100399,,85171290,1
DEMO P91 PANASONIC,1100405,,85171290,1
DEMO P99 PANASONIC,1100406,,85171290,1
DEMO VIVO V7,1100409,,85171290,1
DEMO VIVO V7 PLUS,1100410,,85171290,1
DEMO VIVO Y53,1100412,,85171290,1
DEMO Y55s VIVO,1100413,,85171290,1
DEMO Y69,1100414,,85171290,1
G611FF SAMS GLX J7 PRIME 2 GLD,1100416,,85171290,1
REDMI NOTE 5  4GB/64GB GLD,1100431,,85171290,1
Lava ARC One Plus,1100432,,85171290,1
KKT PERAL LAVA,1100437,,85171290,1
C329 CELKON,1100438,,85171290,1
LAVA Prime MFG,1100439,,85171290,1
COMBO K49 KARBONN,1100440,,85171290,1
JODI A45 KARBONN  INDIAN,1100445,,85171290,1
JODI K310N KARBONN,1100447,,85171290,1
K105S KARBONN,1100450,,85171290,1
K8 PLUS LENOVO  GOLD,1100452,,85171290,1
5017 WATER 11 LYF,1100453,,85171290,1
VS MATE VIDEOCON,1100455,,85171290,1
A71 OPPO  BLUE,1100458,,85171290,1
COMBO X751 MICRO MAX,1100459,,85171290,1
COMBO X920 MICRO MAX,1100460,,85171290,1
DEMO J210FY J2 PRO,1100461,,85171290,1
S108 SKYWIN,1100462,,85171290,1
JODI X372 MICRO MAX,1100467,,85171290,1
A44 ITEL  RED,1100470,,85171290,1
DEMO LAVA A44,1100472,,85171290,1
C205 CELKON,1100482,,85171290,1
JODI Q402 MICROMAX BRTH2 ULTRA,1100492,,85171290,1
DEMO J701FY J7 NXT 32GB,1100506,,85171290,1
C1 CELKON,1100508,,85171290,1
C225 CELKON,1100509,,85171290,1
DEMO GIONEE P5L,1100510,,85171290,1
K8 PLUS LENOVO  BLACK,1100515,,85171290,1
Z50 LAVA,1100521,,85171290,1
DEMO G3116 SONY XA1,1100525,,85171290,1
DEMO G3226 SONY XAI ULTRA,1100526,,85171290,1
DEMO G570FO J5 PRIME 32GB,1100528,,85171290,1
DEMO G8232 SONY XZS,1100531,,85171290,1
DEMO G8342 SONY  XPERIA XZ1,1100532,,85171290,1
DEMO M7 POWER,1100539,,85171290,1
DEMO MOTO C,1100540,,85171290,1
DEMO MOTO C+,1100541,,85171290,1
DEMO MOTO E4,1100542,,85171290,1
DEMO MOTO E4+,1100543,,85171290,1
V5 VIVO  DUAL GOLD,1100580,,85171290,1
C108 CELKON,1100591,,85171290,1
C3752 SAMSUNG METRO DUOS,1100597,,85171290,1
C422 CELKON,1100598,,85171290,1
JODI 5002 WATER1 LYF,1100619,,85171290,1
JODI KCHAMP 3 KARBONN,1100620,,85171290,1
K232 KARBONN,1100624,,85171290,1
KCHAMP 2 KARBONN,1100625,,85171290,1
REDMI NOTE4  3GB/32GB BLK,1100630,,85171290,1
COMBO C419+C319 CELKON,1100636,,85171290,1
COMBO I1518 ITEL,1100637,,85171290,1
A44 ITEL  ROSEGOLD,1100638,,85171290,1
C230 CELKON,1100642,,85171290,1
CUG A112 CELKON,1100644,,85171290,1
DIAMOND U CELKON,1100645,,85171290,1
REDMI NOTE 5 3GB/32GB BLU,1100648,,85171290,1
UFEEL CELKON  4G,1100649,,85171290,1
REDMI NOTE 5   3GB/32GB RGLD,1100651,,85171290,1
REDMI NOTE 5   4GB/64GB RGLD,1100654,,85171290,1
C77 CELKON,1100655,,85171290,1
COMBO ARC 105 LAVA,1100656,,85171290,1
JODI Q402 MICRO MAX BHARATH 2+,1100657,,85171290,1
REDMI 5A XIAOME  3GB/32GB BLU,1100659,,85171290,1
X276 MICRO MAX,1100660,,85171290,1
C459 LYF,1100667,,85171290,1
COMBO X740 MICRO MAX,1100669,,85171290,1
JODI IT2180 ITEL,1100672,,85171290,1
DEMO GIONEE F103 PRO,1100676,,85171290,1
C344 CELKON,1100679,,85171290,1
C6 CELKON  STAR,1100680,,85171290,1
DEMO A510F GALAXY A5,1100681,,85171290,1
DEMO G610F J7 PRIME,1100682,,85171290,1
DEMO HTC 10 PRO,1100685,,85171290,1
DEMO Y31L VIVO,1100687,,85171290,1
DEMO MI MIX2,1100690,,85171290,1
JODI K99 KARBONN  ROCK,1100691,,85171290,1
X103I MICRO MAX,1100696,,85171290,1
JODI K57 KARBONN  PLUS,1100700,,85171290,1
A97 LAVA,1100704,,85171290,1
ARC DEZIRE LAVA,1100705,,85171290,1
ARC GRAND 2 LAVA,1100706,,85171290,1
COMBO CAPTAIN LAVA  N1,1100708,,85171290,1
DEMO E5563 XPERIA C5 ULTRA,1100709,,85171290,1
DEMO H791 LG NEXUS 5X,1100710,,85171290,1
K9 KARBONN  SMART 4G,1100711,,85171290,1
KKT UNO 2 LAVA,1100712,,85171290,1
Q4G CELKON  PLUS,1100715,,85171290,1
X601 MICRO MAX  GB,1100716,,85171290,1
X770 MICRO MAX,1100717,,85171290,1
1200 NOKIA,1100719,,85171290,1
6085 NOKIA,1100720,,85171290,1
LG2650 RELIANCE,1100721,,85171290,1
JODI N100 NOKIA,1100724,,85171290,1
JODI C345 CELKON,1100730,,85171290,1
G570F SAMS  GLX J5 PRIME GOLD,1100731,,85171290,1
JODI Q4202 MICRO MAX  VDEO 3,1100735,,85171290,1
A35K CELKON  2GB,1100739,,85171290,1
A97 LAVA  2GB,1100740,,85171290,1
C5050 4GB CELKON,1100741,,85171290,1
IRIS ATOM X LAVA,1100742,,85171290,1
A76 LAVA  PLUS,1100744,,85171290,1
C3303i SAMSUNG  CHAMP,1100745,,85171290,1
S7582 SAMS GLX S DUOS 2 WHITE,1100746,,85171290,1
X1800 MICRO MAX  JOY,1100747,,85171290,1
C2-01 NOKIA,1100748,,85171290,1
I-X10-E10i SONY ERICSSON MINI,1100749,,85171290,1
JODI A1 KARBONN  INDIAN,1100750,,85171290,1
K110I KARBONN,1100753,,85171290,1
K34 KARBONN  STAR,1100754,,85171290,1
A6000 LENOVO,1100756,,85171290,1
COMBO E3 EDGE,1100759,,85171290,1
COMBO K26 KARBONN,1100760,,85171290,1
CUG A107 CELKON,1100761,,85171290,1
DEMO K520 LG G4 STYLUS 2,1100765,,85171290,1
IRIS X8 LAVA,1100771,,85171290,1
JODI 5017 WATER 11 LYF,1100772,,85171290,1
JODI E3 EDGE,1100773,,85171290,1
JODI K26 KARBONN,1100774,,85171290,1
JODI KPHONE 9 KARBONN,1100775,,85171290,1
AAP01 LENOVO,1100784,,85171290,1
COMBO K232 KARBONN,1100788,,85171290,1
COMBO K9 KARBONN,1100789,,85171290,1
COMBO SPARK I7 LAVA,1100790,,85171290,1
COMBO X803 MICRO MAX,1100791,,85171290,1
DEMO A520F GALAXY A5 2017,1100793,,85171290,1
DEMO IVORYS LAVA TAB,1100798,,84713090,1
G532G SAMS  GLX J2 ACE BLACK,1100802,,85171290,1
G532G SAMS  GLX J2 ACE SILVER,1100803,,85171290,1
J700F SAMSUNG  GLX J7 BLACK,1100805,,85171290,1
K150 KARBONN,1100807,,85171290,1
P7 GIONEE  GOLD,1100809,,85171290,1
REDMI 5 XIAOMI  2GB/16GB BLK,1100810,,85171290,1
REDMI 5 XIAOMI  2GB/16GB BLUE,1100811,,85171290,1
S6S GIONEE  GOLD,1100812,,85171290,1
V5S VIVO  BLUE,1100814,,85171290,1
C343 CELKON,1100816,,85171290,1
K106 KARBONN  PLUS,1100817,,85171290,1
DEMO I9500 SAMSUNG GALAXY S4,1100818,,85171290,1
C6  CELKON,1100821,,85171290,1
G531F SAM GLX GRAND PRIM 4GBLK,1100823,,85171290,1
C250 CELKON,1100825,,85171290,1
JODI LEGEND 2.4 KARBONN,1100826,,85171290,1
C35 CELKON  JUMBO,1100832,,85171290,1
G316HU SAM GLX S DUOS3 VE WHIT,1100833,,85171290,1
KPHONE 2 KARBONN,1100835,,85171290,1
X274 MICRO MAX,1100836,,85171290,1
E2363 SONY XPERIA M4 AQUA WHIT,1100837,,85171290,1
K310 KARBONN,1100838,,85171290,1
K343 KARBONN,1100839,,85171290,1
X551 MICRO MAX,1100840,,85171290,1
E1081 SAMSUNG,1100841,,85171290,1
X222 MICRO MAX,1100844,,85171290,1
X085 MICRO MAX,1100846,,85171290,1
C70MM CELKON,1100847,,85171290,1
JODI Q4101 MICRO MAX  VDEO 2,1100848,,85171290,1
V5S VIVO  GOLD,1100850,,85171290,1
C359 CELKON,1100851,,85171290,1
I-W150i SONYERICSSON  YENDO,1100852,,85171290,1
KPHONE 1 KARBONN,1100853,,85171290,1
S7262 SAMS GLX STAR PRO WHITE,1100854,,85171290,1
V5 VIVO  DUAL PLUS GOLD,1100856,,85171290,1
C2-00 NOKIA DUAL,1100857,,85171290,1
C22 CELKON  PLUS,1100858,,85171290,1
C5050i CELKON,1100859,,85171290,1
C88 CELKON,1100860,,85171290,1
JODI K113 KARBON  PLUS,1100861,,85171290,1
JODI X243 MICRO MAX,1100862,,85171290,1
X234 PLUS MICRO MAX,1100863,,85171290,1
I-X8-E15i SONY ERICSON SHAKIRA,1100864,,85171290,1
I-E2550 SAMSUNG MOBLE,1100865,,85171290,1
C349I CELKON,1100866,,85171290,1
A62 MICRO MAX,1100876,,85171290,1
C10  CELKON,1100877,,85171290,1
S7392 SAMSUNG  GALAXY TREND,1100878,,85171290,1
A107 MICRO MAX  CANVAS FIRE 4,1100879,,85171290,1
REDMI 5 XIAOMI  2GB/16GB GOLD,1100881,,85171290,1
E2152 SAMSUNG  DUAL 1GB,1100882,,85171290,1
A6010 LENOVO,1100884,,85171290,1
N222 NOKIA DUAL WHITE,1100886,,85171290,1
JODI Q424 MICROMAX BOLT SELFIE,1100888,,85171290,1
DEMO H930 LG V30+,1100891,,85171290,1
I-GT350 LG,1100893,,85171290,1
K63 KARBONN  PLUS,1100894,,85171290,1
LG3630 RELIANCE,1100895,,85171290,1
DEMO F3116 SONY XA,1100897,,85171290,1
G360H SAMS GLX CORE PRIME BLK,1100898,,85171290,1
J120G SAMS  GLX J1 4G WHITE,1100902,,85171290,1
C340 CELKON,1100904,,85171290,1
4008 FLAME 7S LYF,1100906,,85171290,1
4503 FLAME1 LYF,1100907,,85171290,1
B339 SAMSUNG  CDMA,1100908,,85171290,1
C101 CELKON,1100909,,85171290,1
COMBO X424 MICRO MAX,1100911,,85171290,1
F400 SAMSUNG,1100912,,85171290,1
REDMI 5 XIAOMI  3GB/32GB GOLD,1100930,,85171290,1
REDMI NOTE 5  4GB/64GB BLU,1100945,,85171290,1
A1000 LENOVO,1100949,,85171290,1
REDMI 5A XIAOME 3GB/32GB RGLD,1100963,,85171290,1
Y71 VIVO  GOLD,1100983,,85171290,1
LAVA KKT- Pearl- FM,1100987,,85171290,1
HTC ULTRA U  BLUE,1100990,,85171290,1
JODI Q4601 MICROMAX CNV SELFI,1100995,,85171290,1
V9 VIVO   BLUE,1101000,,85171290,1
J210F SAMSUNG  GLX J2 SILVER,1101029,,85171290,1
DEMO Y71i VIVO,1101067,,85171290,1
K9 KARBONN  SMART,1101124,,85171290,1
G965FH GLX S9 + 256GB PURPLE,1101142,,85171290,1
G960FH GALAXY S9 256GB BLUE,1101144,,85171290,1
G960FH GALAXY S9 256GB PURPLE,1101145,,85171290,1
DEMO Z91 LAVA,1101178,,85171290,1
ARC ONE LAVA,1101184,,85171290,1
REDMI 5 2GB/16GB ROSEGOLD,1101195,,85171290,1
REDMI 5 3GB/32GB BLUE,1101196,,85171290,1
REDMI 5 4GB/64GB ROSEGOLD,1101197,,85171290,1
A44 ITEL MOBILE GOLD,1101217,,85171290,1
DEMO G960 GALAXY S9,1101228,,85171290,1
CUG C9 PRO,1101229,,85171290,1
C345 CELKON MOBILE,1101231,,85171290,1
C419+C319 CELKON MOBILE,1101232,,85171290,1
C9  CUG MOBILE,1101234,,85171290,1
TURBO S5 INTEX MOBILE,1101240,,85171290,1
K113 KARBON MOBILE PLUS,1101248,,85171290,1
K57 KARBONN MOBILE PLUS,1101249,,85171290,1
LEGEND 2.4 KARBONN MOBILE,1101250,,85171290,1
CAPTAIN LAVA MOBILE 4I,1101251,,85171290,1
X243 MICRO MAX,1101256,,85171290,1
X264 MICRO MAX,1101257,,85171290,1
X603 MICRO MAX,1101258,,85171290,1
N100 NOKIA,1101260,,85171290,1
V1390 VIDEOCON MOBILE,1101271,,85171290,1
V1477 VIDEOCON MOBILE,1101272,,85171290,1
V1RA VIDEOCON MOBILE,1101273,,85171290,1
V40HD1 VIDEOCON MOBILE,1101274,,85171290,1
SWIPE SLICE 3G TAB,1101275,,84713090,1
OFFER S160 RELIANCE,1101280,,85171290,1
DEMO SPICE V801,1101327,,85171290,1
DEMO LAVA Z91,1101328,,85171290,1
DEMO ITEL A41+,1101333,,85171290,1
DEMO Q4311 SELFIE 2,1101337,,85171290,1
K140 KARBONN ,1101355,,85171290,1
REDMI NOTE 6PRO 4GB/64GB BLUE,1101413,,85171290,1
REDMI NOTE 6PRO 4GB/64GB RED,1101414,,85171290,1
Y81I VIVO  GOLD,1101415,,85171290,1
Y81I VIVO MOBILE BLACK,1101416,,85171290,1
N106 NOKIA DUAL GREY,1101417,,85171290,1
Y93 VIVO 4GB/32GB PURPLE,1101418,,85171290,1
Y93 VIVO 4GB/32GB BLACK,1101419,,85171290,1
N8.1 NOKIA MOBILE 4GB/64GB BLUE,1101420,,85171290,1
N8.1 NOKIA MOBILE 4GB/64GB IRON,1101421,,85171290,1
IPHONE 6S 32GB SILVER,1101422,,85171290,1
IPAD 6TH GEN WIFI 32GB GOLD,1101423,,84713090,1
IPHONE 7 PLUS 128GB SILVER,1101424,,85171290,1
K FLIP KARBONN ,1101425,,85171290,1
NOKIA 6.1 4GB/64GB PLUS BLACK,1101426,,85171290,1
NOKIA 6.1 4GB/64GB PLUS BLUE,1101427,,85171290,1
NOKIA 6.1 4GB/64GB PLUS WHITE,1101428,,85171290,1
R8 ROX,1101429,,85171290,1
REDMI NOTE 6 PRO 4GB/64GB RGLD,1101430,,85171290,1
Y93 VIVO  3GB/64GB BLACK,1101431,,85171290,1
Y93 VIVO  3GB/64GB PURPLE,1101432,,85171290,1
A7 OPPO  3GB/64GB BLUE,1101433,,85171290,1
A7 OPPO  3GB/64GB GOLD,1101434,,85171290,1
NOKIA5.1+ 3GB/32GB BLACK,1101435,,85171290,1
NOKIA5.1+ 3GB/32GB BLUE,1101436,,85171290,1
X811 MICRO MAX ,1101437,,85171290,1
Y91 VIVO  2GB/32GB BLACK,1101438,,85171290,1
Y91 VIVO  2GB/32GB BLUE,1101439,,85171290,1
X412 MICRO MAX MOBILE,1101440,,85171290,1
X811 MICRO MAX MOBILE,1101441,,85171290,1
LAVA A1 MOBILE,1101442,,85171290,1
LAVA ZEM MOBILE,1101443,,85171290,1
PRIME Z MOBILE,1101444,,85171290,1
IPHONE 7 32GB ROSE GOLD,1101445,,85171290,1
N960FD SAMGLX NOTE9 128GB WHIT,1101446,,85171290,1
DEMO VIVO Y91,1101447,,85171290,1
DEMO Y93 3GB/64GB,1101448,,85171290,1
CAIDEA CS  VIVO V5,1200006,,39269099,1
CAIDEA CS  VIVO Y55,1200007,,39269099,1
INBASE CARBON SAM J7,1200039,,39269099,1
INBASE GLS CS IPHN 5S,1200051,,39269099,1
INBASE GLS CS SAMC9 PRO,1200054,,39269099,1
INBASE GLS CS SAMJ7,1200058,,39269099,1
INBASE GLS CS SAMS7 EDGE,1200059,,39269099,1
INBASE GLS CS IPHN 6 PLUS,1200060,,39269099,1
INBASE GLS CS SAMJ7 PRIME,1200063,,39269099,1
INBASE TUFF CS IPHN 5S,1200073,,39269099,1
INBASE TUFF CS SAMS7 EDGE,1200074,,39269099,1
TOTU BKCS SAMJ2 2016,1200089,,39269099,1
XD –GALAXY CLEAR COVER S8+,1200096,,39269099,1
EO-BG920BBEGIN SAMLEVEL U BT,1200098,,39269099,1
EO-MG920 SAMMONO BT,1200099,,39269099,1
INBASE WIRED BT HDST D2 SPT,1200101,,39269099,1
SAMLEVELACTIVE BT EO-BG930C,1200114,,39269099,1
SONY BT SBH-20,1200116,,39269099,1
SHE1455 PHILIPS EARPHONE,1200152,,39269099,1
SKULLCANDY INKD HDST,1200154,,39269099,1
SYSKA H-009 EARPHONES,1200159,,39269099,1
16GB MICRO CARD COPPER,1200163,,39269099,1
16GB MICRO SAMCLAS 6,1200165,,39269099,1
32GB MICRO CARD COPPER CLAS 10,1200167,,39269099,1
4GB MICRO CARD COPPER,1200169,,39269099,1
4GB MICRO CARD TOSHIBA,1200170,,39269099,1
4GB MICRO SAMSUNG,1200171,,39269099,1
4GB MICRO SAMCLAS 6,1200172,,39269099,1
8 GB SONY MICRO SD CLAS 4,1200174,,39269099,1
8GB MICRO CARD TOSHIBA,1200176,,39269099,1
8GB MICRO SAMSUNG,1200177,,39269099,1
BHM1700 SAMBT,1200185,,39269099,1
BT-21 BEATS BT SPEAKER,1200186,,39269099,1
CALL ONE ALIEN TRAVEL CHRG,1200187,,39269099,1
CALL ONE V3 CHRG,1200189,,39269099,1
CALL ONE V8 CHRG,1200190,,39269099,1
CELKON PB 2600mAh-LMSDJ204,1200192,,39269099,1
CP-AD2//C IN5 SONY 2.1A OUTPUT,1200195,,39269099,1
CP-V4A/BC IN 4700 mAh SONY PB,1200196,,39269099,1
DC16 NOKIA USB CHRG-2200mAh,1200197,,39269099,1
EMARGENCY CHARG CABLE V8-IPHN,1200198,,39269099,1
EMARGENCY CHARG CABLE V8-V8,1200199,,39269099,1
ESSOT MUSHROMPOWERBANK 4000mAh,1200200,,39269099,1
ESSOT SMART WATCH -SIM,1200202,,39269099,1
EVOLVE PB 2600mAh,1200203,,39269099,1
POUCH CELKON Q455,1200204,,39269099,1
POUCH LAVA IRIS X1 GRAND,1200206,,39269099,1
POUCH MICROMAX Q320,1200207,,39269099,1
POUCH MOTO G3,1200208,,39269099,1
POUCH NOKIA LUMIA 730,1200209,,39269099,1
HANG OUT 504-STEREO BT,1200212,,39269099,1
HANG OUT 720-STEREO BT,1200215,,39269099,1
HANG OUT PB-3000MAH,1200217,,39269099,1
INBASE GLS CS SAME5,1200219,,39269099,1
INBASE GLS CS SAMGRAND 2,1200221,,39269099,1
INBASE PUDDING CS  LUMIA 532,1200225,,39269099,1
INBASE TEMGLS IPHN 4S,1200229,,39269099,1
INBASE TEMGLS  LUMIA 73,1200231,,39269099,1
INBASE TEMGLS SAMGRAND NEO,1200234,,39269099,1
INBASE TEMGLS SONY XPERIA E3,1200237,,39269099,1
INBASE UNIQUE LG G3 BEAT,1200239,,39269099,1
INBASE UNIQUE LG G3 STYLUS,1200240,,39269099,1
INBASE UNIQUE SAMCORE 2,1200241,,39269099,1
INBASE UNIQUE SAME7,1200242,,39269099,1
INBASE UNIQUE SAMGRAND 2,1200243,,39269099,1
INTEX 2500mAh PB,1200244,,39269099,1
INTEX 4000mAh IT-PB4K PB,1200245,,39269099,1
INTEX CHRG IN-400 SC,1200246,,39269099,1
INTEX EARPHONE HFK-012,1200247,,39269099,1
IPHN 4 GRIFFIN CABLE,1200248,,39269099,1
JBL C100SL EARPHONE,1200249,,39269099,1
KARBONN PB 2000mAh,1200251,,39269099,1
LAVA ELEMENTS HANDSFREE,1200253,,39269099,1
LG TONE ULTRA NECK BT,1200254,,39269099,1
LG TONE+ WRLS STEREO HDST,1200255,,39269099,1
LIVGUARD PB  SB 20T 2200 mAh,1200256,,39269099,1
LIVGUARD PB  SB 22T 2200 mAh,1200257,,39269099,1
LOGO BKCS CANVAS NITRO 2 E311,1200259,,39269099,1
LOGO BKCS SAME5,1200260,,39269099,1
LUMINOUS MULTI TRAVEL CHRG,1200262,,39269099,1
LUMINOUS SMALL PIN CHRG,1200263,,39269099,1
LUMINOUS V8  CHRG,1200264,,39269099,1
MBLAST  PREMIUM  STEREO HDPHN,1200265,,39269099,1
Mblast HDPHNs,1200266,,39269099,1
MINIX S1 CREDITCARD PB 2500MAH,1200268,,39269099,1
MINIX S501 5000mAh PB,1200269,,39269099,1
MN2 SMART WATCH,1200270,,39269099,1
MW1 SONY BT,1200271,,39269099,1
NOKIA WH-208 HDST,1200273,,39269099,1
NOKIA WH-530 BOOM HEDSET,1200274,,39269099,1
OFFER BEATS HDST,1200275,,39269099,1
OFFER PB,1200276,,39269099,1
PHILIPS HEAD SET SHM-1900/93,1200277,,39269099,1
PHILIPS MONO BT SHB1003,1200279,,39269099,1
PHILIPS SHL3005BK,1200280,,39269099,1
PHILIPS SHS390/98,1200281,,39269099,1
PB BKCS IPHN 5/5C/5S,1200282,,39269099,1
QUICK HEAL ANTI VIRUS,1200283,,39269099,1
ROCK CABLE-CHARGE & SYNC 1133,1200285,,39269099,1
SAMEARPHONE EO-HS 130 D,1200288,,39269099,1
SAMEB-PG900BWEGIN 6000 mAh PB,1200289,,39269099,1
SAMGEAR VR,1200290,,39269099,1
SAMHMap01 STEREO BT,1200291,,39269099,1
SAMS6 WRLS CHRG EP-PG920IBEG,1200293,,39269099,1
SAMS6 WRLS CHRG EP-PG920IWEG,1200294,,39269099,1
SBH-52 SONY BT,1200295,,39269099,1
SCRGRD TEMGLS LAVA X5,1200297,,39269099,1
SCRGRD TEMGLS SAMS3 N,1200298,,39269099,1
SCRGRD TEMP GRAND NEO I9060,1200299,,39269099,1
SENNHEISER HD180 HEAD SETS,1200300,,39269099,1
SENNHEISER HDPHN HD-202 II,1200301,,39269099,1
SKULLCANDY SMOKIN BUDS HDST,1200304,,39269099,1
SONY MDR EX150AP EARPHONE,1200307,,39269099,1
SONY PB CP-F5/ULA 5000 mAh,1200308,,39269099,1
SONY PB CP-V3A/ULA 3000 mAh,1200309,,39269099,1
SONY PB CP-V4 3800 mAh,1200310,,39269099,1
SONY PB CP-V6/RC IN 6100 mAh,1200311,,39269099,1
SONY STEREO HDPHNS MDR-ZX110A,1200312,,39269099,1
STK CUBOID PB 100B 2600 mAh,1200313,,39269099,1
STK GROOVEZ 3.5 MM EARPH (1.2,1200314,,39269099,1
SYSKA H-008 EARPHONES,1200315,,39269099,1
TEMGLS SCRGRD SONY Z3 PLUS,1200320,,39269099,1
EARBUDS 2,1200322,,39269099,1
ZOOK BT HDPHN ZB-BHP15,1200323,,39269099,1
ZOOK HDST -MIKE-ZM H609,1200325,,39269099,1
ZOOK PORTBL CHRG ZP-PB5000 mAh,1200326,,39269099,1
BLUE POUCH MEDIUM,1200327,,39269099,1
CAIDEA CS OPPO F1S,1200328,,39269099,1
CREATIVE BKCS IPHN 5,1200329,,39269099,1
CROME CS RED MI 3S,1200330,,39269099,1
CROME CS REDMI NOTE3,1200331,,39269099,1
DIAMOND CS IPHN 7,1200335,,39269099,1
DIAMOND CS SAMJ2 2016,1200336,,39269099,1
DOT VIEW POUCH HTC DESIRE 626,1200338,,39269099,1
DOT VIEW POUCH HTC DESIRE 826,1200339,,39269099,1
FLIP OG  Mi NOTE 3,1200340,,39269099,1
POUCH SAMT561 TAB,1200342,,39269099,1
POUCH VIVO Y11,1200343,,39269099,1
POUCH IRIS X1 ATOM S,1200344,,39269099,1
POUCH LAVA FLAIR Z1,1200345,,39269099,1
POUCH LAVA IRIS X8,1200346,,39269099,1
POUCH LENOVO A6000,1200347,,39269099,1
POUCH MICROMAX E481 CANVAS 5,1200349,,39269099,1
POUCH MICROMAX Q324,1200350,,39269099,1
POUCH MOTO E2,1200352,,39269099,1
POUCH SAMGALAXY TAB S 10.5 T80,1200354,,39269099,1
INBASE ARROW VELVET VIVO Y21L,1200357,,39269099,1
INBASE BOSS CS IPHN 6S+ BLACK,1200358,,39269099,1
INBASE BOSS CS IPHN 6S + SILVR,1200359,,39269099,1
INBASE CLASIC SAMA710,1200365,,39269099,1
INBASE CLASIC SAMJ2 ACE,1200368,,39269099,1
INBASE CLASIC SAMJ72017,1200371,,39269099,1
INBASE ELEMENT BKCS IPHN 5,1200372,,39269099,1
INBASE ELEMENT BKCS IPHN 6,1200373,,39269099,1
INBASE GLS CS LG K10,1200376,,39269099,1
INBASE GLS CS SAMCORPRIME G360,1200382,,39269099,1
INBASE GLS CS SAMGRANDPRIME,1200383,,39269099,1
INBASE GLS CS SAMS6 EDGE,1200387,,39269099,1
INBASE GLS CS SAMS7,1200389,,39269099,1
INBASE GLS CS SONY XPERIA C4,1200393,,39269099,1
INBASE GLS CS SONY XPERIA M4,1200394,,39269099,1
INBASE GLS CS HTC DESIRE 628,1200396,,39269099,1
INBASE GLS CS HTC DESIRE 630,1200397,,39269099,1
INBASE GLS CS HTC DESIRE 728,1200398,,39269099,1
INBASE HERO IPHN 6S SILVER,1200401,,39269099,1
INBASE IPAK PRINT SHEL IPHN 4S,1200402,,39269099,1
INBASE JOY IPHN 5S,1200403,,39269099,1
INBASE METAL BUMPER IPHN 4S,1200410,,39269099,1
INBASE METL BUMPER SAMA700F/A7,1200413,,39269099,1
INBASE NOBLE BKCS NOTE 7,1200415,,39269099,1
INBASE NOBLE BKCS S7 EDGE,1200416,,39269099,1
INBASE TUFF CS SAMS7,1200425,,39269099,1
INBASE UNIQUE HTC 728,1200426,,39269099,1
INBASE UNIQUE HTC 828,1200427,,39269099,1
INBASE UNIQUE SAMGRAND NEO P,1200429,,39269099,1
INBASE UNIQUE SAMJ5 2016,1200432,,39269099,1
INBASE UNIQUE SAMJ7,1200433,,39269099,1
INBASE UNIQUE SAMJ7 2016,1200434,,39269099,1
INBASE UNIQUE SAMS6,1200435,,39269099,1
INBASE UNIQUE SAMS6 EDGE,1200436,,39269099,1
INBASE UNIQUE SONY XPERIA C5,1200438,,39269099,1
INBASE UNIQUE SONY XPERIA E4,1200439,,39269099,1
INBASE UNIVERSAL FLIP COVER L,1200441,,39269099,1
INBASE VIVID CS IPHN 6S,1200444,,39269099,1
Ipad Air Pouch,1200446,,39269099,1
IPAD AIR SMART CS,1200447,,39269099,1
IPAD SMART CS IPAD 2/3/4,1200449,,39269099,1
IPAKY BKCS VIVO F1s,1200452,,39269099,1
IPHN 6 CLASIC TRANSPRENT COVER,1200454,,39269099,1
LEATHER BKCS SAMA9 PRO,1200458,,39269099,1
LENOVO OG POUCH A6000,1200459,,39269099,1
LOGO BKCS DESIRE 526G PLUS,1200460,,39269099,1
LOGO BKCS DESIRE 826G,1200462,,39269099,1
LOGO BKCS GRAND PRIME,1200464,,39269099,1
LOGO BKCS MX A104 CANVAS FIRE2,1200466,,39269099,1
LOGO BKCS MOTO E,1200467,,39269099,1
LOGO BKCS MOTO G3,1200469,,39269099,1
LOGO BKCS SAMGRAND NEO I9082/I,1200470,,39269099,1
LOGO BACKCASE LENOVO A6000,1200475,,39269099,1
LOGO BACKCASE SAM A5,1200476,,39269099,1
LOOPEE CS IPHN 6 PLUS,1200477,,39269099,1
LOOPEE CS SAMA510,1200478,,39269099,1
LOOPEE CS SAMA710,1200479,,39269099,1
LOOPEE CS SAMS7 EDGE,1200481,,39269099,1
MATE SAMA7 POUCH BLACK,1200484,,39269099,1
MATE SAMA7 POUCH WHITE,1200485,,39269099,1
MAXX V8 CHRG,1200486,,39269099,1
OG TUMI BACK COVER S8,1200490,,39269099,1
S METAL BKCS LUMIA 540,1200493,,39269099,1
SAM POUCH A5,1200494,,39269099,1
SAM POUCH A510,1200495,,39269099,1
SAM POUCH A710,1200496,,39269099,1
SAM POUCH ON5,1200497,,39269099,1
SAM POUCH ON7,1200498,,39269099,1
SAM POUCH S7,1200499,,39269099,1
SAM POUCH S7 EDGE,1200500,,39269099,1
SAMS6 EDGE 32GB FLIP COVER E,1200501,,39269099,1
SAMSUNG S6 EDGE FLIP FABRIC COVER EF-WG9,1200502,,39269099,1
MZ-8GB MICRO SD CARD,1200503,,39269099,1
SAMS6S COVER EF-CG920BBEGIN (B,1200504,,39269099,1
SOFTY CS SAMA5,1200507,,39269099,1
SOFTY CS SAMJ1,1200508,,39269099,1
SOFTY CS SAMJ7,1200509,,39269099,1
TOTU BKCS INTEX TREND,1200512,,39269099,1
TOTU BKCS LAVA ap01,1200513,,39269099,1
TOTU BKCS LG G4 STYLUS,1200517,,39269099,1
TOTU BKCS LG K7,1200518,,39269099,1
TOTU BKCS LG SPIRIT,1200519,,39269099,1
TOTU BKCS MICROMAX Q392,1200522,,39269099,1
TOTU BKCS RELIANCE WIND 4,1200525,,39269099,1
TOTU BKCS RELIANCE WIND 6,1200526,,39269099,1
TOTU BKCS SAMGRAND PRIME,1200527,,39269099,1
TOTU BKCS SAMZ3,1200529,,39269099,1
TOTU BKCS VIVO Y51L,1200532,,39269099,1
TRANSPARENT CS MOTO G4 PLUS,1200533,,39269099,1
U CS NOKIA N 215,1200534,,39269099,1
U CS NOKIA N105,1200535,,39269099,1
U CS SAME1200,1200536,,39269099,1
U CS SAMMETRO B360E,1200537,,39269099,1
U CS  NOKIA N225,1200539,,39269099,1
VIVO POUCH V3,1200541,,39269099,1
VIVO POUCH Y31L,1200542,,39269099,1
VL LIDIAN BKCS IPHN 6,1200544,,39269099,1
VL METAL BKCS SAMA7,1200546,,39269099,1
VL METAL BKCS SAMJ5,1200547,,39269099,1
VL METAL BKCS SAMJ7,1200548,,39269099,1
VT LGD POUCH MEDIUM,1200550,,39269099,1
VT SPORTS POUCH LARGE,1200551,,39269099,1
BRANDED SCRGRD SAME5,1200552,,39269099,1
Branded SCRGRD SAMGALAXY CORE,1200553,,39269099,1
Branded SCRGRD SAMGALAXY S4,1200554,,39269099,1
BRANDED SCRGRD SAMGALAXY STAR,1200555,,39269099,1
BRANDED SCRGRD  XPERIA Z 2 D65,1200556,,39269099,1
BRANDED SCRGRD XPERIA Z3,1200557,,39269099,1
BRANDED SCRGRD  LUMIA 532,1200558,,39269099,1
GR TECH TEM SCRGRDS GIONEE M5,1200561,,39269099,1
GR TECH TEM SCRGRDS GIONEE P5,1200562,,39269099,1
GR TECH TEM SCRGRDS INTEX RAZ,1200563,,39269099,1
GR TECH TEM SCRGRDS LAVA A89,1200564,,39269099,1
INBASE 3D TEMGLS SAMS8,1200570,,39269099,1
INBASE TEMGLS HTC 628,1200584,,39269099,1
INBASE TEMGLS HTC 728X,1200585,,39269099,1
INBASE TEMGLS HTC 825,1200586,,39269099,1
INBASE TEMGLS HTC DESIRE 828,1200588,,39269099,1
INBASE TEMGLS  LUMIA 54,1200594,,39269099,1
INBASE TEMGLS  LUMIA 55,1200595,,39269099,1
INBASE TEMGLS  LUMIA 65,1200596,,39269099,1
INBASE TEMGLS SAMS7,1200602,,39269099,1
KASEONE TEM SCR SAMJ2,1200608,,39269099,1
KASEONE TEM SCR SAMJ5,1200609,,39269099,1
SAMGALAXY NOTE SCREEN GARD,1200614,,39269099,1
SCRGRD  CANVAS UNITE 2 A1,1200615,,39269099,1
SCRGRD ACE DUOS (S6802 ),1200616,,39269099,1
SCRGRD ASHA N305,1200617,,39269099,1
SCRGRD ASHA N308,1200618,,39269099,1
SCRGRD C3322,1200619,,39269099,1
SCRGRD CELKON  A354C,1200620,,39269099,1
SCRGRD CELKON A107,1200621,,39269099,1
SCRGRD CELKON A19,1200622,,39269099,1
SCRGRD CELKON A35K,1200623,,39269099,1
SCRGRD CELKON A95 PRO,1200624,,39269099,1
SCRGRD CELKON C355,1200626,,39269099,1
SCRGRD CELKON Q44,1200628,,39269099,1
SCRGRD DESIRE 526G,1200629,,39269099,1
SCRGRD DESIRE 820 G,1200630,,39269099,1
SCRGRD GALAXY S3 - I9300,1200632,,39269099,1
"SCRGRD GALAXY TAB 4  T331(8.0""",1200634,,39269099,1
SCRGRD GALAXY Y DUOS (S6102),1200635,,39269099,1
SCRGRD GALAXY YOUNG (S6312),1200636,,39269099,1
SCRGRD HTC DESIRE 626G,1200637,,39269099,1
SCRGRD HTC DESIRE 826,1200638,,39269099,1
SCRGRD HTC DESIRE C,1200639,,39269099,1
SCRGRD HTC ONE MINI,1200640,,39269099,1
SCRGRD LENOVO S650,1200645,,39269099,1
SCRGRD LG G2,1200646,,39269099,1
SCRGRD MICRO MAX Q324,1200648,,39269099,1
SCRGRD  LUMIA 430,1200651,,39269099,1
SCRGRD  LUMIA 435,1200652,,39269099,1
SCRGRD  LUMIA 532,1200653,,39269099,1
SCRGRD  LUMIA 540,1200654,,39269099,1
SCRGRD NOKIA  N 215,1200657,,39269099,1
SCRGRD NOKIA C2-03,1200658,,39269099,1
SCRGRD NOKIA DUAL N225,1200659,,39269099,1
SCRGRD NOKIA LUMIA 535,1200660,,39269099,1
SCRGRD SAMA3,1200661,,39269099,1
SCRGRD SAMCORE PRIME,1200663,,39269099,1
SCRGRD SAME5,1200664,,39269099,1
SCRGRD SAMGALAXY GRAND PRIME,1200665,,39269099,1
SCRGRD SAMGALAXY J1 J100H,1200666,,39269099,1
SCRGRD SAMREX 80,1200667,,39269099,1
SCRGRD SAMZ1 TIZEN  Z130H,1200670,,39269099,1
SCRGRD SONY TIPO (ST21i),1200671,,39269099,1
SCRGRD SONY XPERIA E4,1200673,,39269099,1
SCRGRD SONY XPERIA E4 G,1200674,,39269099,1
SCRGRD SONY XPERIA M4,1200675,,39269099,1
SCRGRD SWIPE 3D LIFE PLUS TAB,1200676,,39269099,1
SCRGRD TEMGLS DESIRE 516,1200677,,39269099,1
SCRGRD TEMGLS LENOVO A6000,1200679,,39269099,1
SCRGRD TEMGLS LENOVO A7000,1200680,,39269099,1
SCRGRD TEMGLS SAMS5 G,1200681,,39269099,1
SCRGRD ULTIMATE GALAXY - I908,1200684,,39269099,1
SCRGRD ULTIMATE IPHN 5 F & B,1200685,,39269099,1
SCRGRD REDMI 1 S,1200686,,39269099,1
SCRGRD REDMI 2 S,1200687,,39269099,1
SCRGRD REDMI MI 4,1200688,,39269099,1
SCRGRD REDMI NOTE 4G,1200689,,39269099,1
SCRGRD XPERIA Z2,1200690,,39269099,1
SCRGRD Y DUOS LITE (S5302),1200691,,39269099,1
SCRGRD Z1 COMPACT,1200692,,39269099,1
SCRGRD ZENFONE C ZC 451CG,1200694,,39269099,1
SCRGRDS,1200695,,39269099,1
SCRGRDS NOKIA N220,1200697,,39269099,1
SCRGRDS SONY XPERIA C4,1200698,,39269099,1
SCRGRD IPHN 7,1200700,,39269099,1
SCRGRD LG G3 STYLUS,1200702,,39269099,1
SCRGRD SAME7,1200703,,39269099,1
SCRGRD SAMGRAND NEO PLUS,1200704,,39269099,1
SCRGRD SAMJ1 ACE,1200705,,39269099,1
SCRGRD SAMJ2,1200706,,39269099,1
SCRGRD SAMJ7,1200708,,39269099,1
SCRGRD SAMTAB T335,1200709,,39269099,1
SCRGRD SAMZ3,1200711,,39269099,1
TEM SCRGRD SAMJ5 PT,1200714,,39269099,1
TEM SCRGRD SAMJ7 PT,1200715,,39269099,1
"TEM SCREENGURD 3.5 """,1200716,,39269099,1
TEMPERD SCRGRD MOTO G4 PLUS,1200720,,39269099,1
TEMPERD SCRGRD V3 MAX,1200724,,39269099,1
TEMGLS MICROMAX A120,1200727,,39269099,1
TEMGLS MICROMAX E411 NITRO 4G,1200728,,39269099,1
TEMGLS MICROMAX Q340,1200729,,39269099,1
TEMGLS MICROMAX Q392 JUICE 3,1200730,,39269099,1
TEMGLS MICROMAX Q411 FIRE4,1200731,,39269099,1
TEMGLS SAMA8,1200733,,39269099,1
TEMGLS SCRGRD LENOVO Aap01,1200735,,39269099,1
TEMGLS SCRGRD LG MAGNA,1200736,,39269099,1
TEMGLS SCRGRD S6 EDGE PLUS,1200739,,39269099,1
TEMGLS SCRGRD SAMJ5 2,1200741,,39269099,1
TEMGLS SCRGRD TAB T561,1200746,,39269099,1
TEMP SCRGRD FLAME 1,1200750,,39269099,1
TEMP SCRGRD FLAME 4,1200751,,39269099,1
TEMP SCRGRD FLAME 7,1200752,,39269099,1
TEMP SCRGRD LAVA A71,1200753,,39269099,1
TEMP SCRGRD LG K7,1200755,,39269099,1
TEMP SCRGRD WATER 5,1200757,,39269099,1
TEMP SCRGRD WIND 7,1200758,,39269099,1
TEMP SCRGRD LUMIA 540,1200760,,39269099,1
TEMP SCRGRD REDMI 3S,1200762,,39269099,1
TEMP SCRGRD REDMI PRIME,1200763,,39269099,1
TEMP SCRGRD VIVO Y31,1200769,,39269099,1
TEMP SCRGRD SAMG530 GRAND,1200773,,39269099,1
GROOVE BKCS REDMI 5A,1200779,,39269099,1
INBASE CARBON IPHN 6+,1200803,,39269099,1
INBASE CARBON SAM C9 PRO,1200814,,39269099,1
INBASE TOUGH GR SAMS9+,1200849,,39269099,1
SAM S9 + CLR VIEW STAND COVER,1200910,,39269099,1
SAM S9 CLR VIEW STAND COVER,1200911,,39269099,1
INBASE UNIQUE SAMJ7 PRIME,1200913,,39269099,1
OG POUCH VIVO Y53,1200920,,39269099,1
OG POUCH VIVO Y66,1200922,,39269099,1
SAM POUCH SAMJ2 PRO,1200937,,39269099,1
SAM POUCH SAMZ2,1200939,,39269099,1
JBL T450 BT HDPHN,1200944,,39269099,1
ZEBRONICS AIRONE BLUEOOTH HDST,1200952,,39269099,1
APPLE 3 WATCH,1200963,,39269099,1
INBASE IPHN 4 CABLE,1200964,,39269099,1
INBASE IPHN 5 CABLE,1200965,,39269099,1
32GB SONY MEMORY CARD,1200972,,39269099,1
HDST+ PB,1201009,,39269099,1
MOBILE HOLDER RING,1201015,,39269099,1
SUNGLASS AND LAPTOP BAG,1201025,,39269099,1
16GB PEN DRIVE,1201026,,39269099,1
32GB PENDRIVE,1201027,,39269099,1
8GB PENDRIVE,1201028,,39269099,1
INBASE TEM GLS COVER SAM S9,1201064,,39269099,1
INBASE TEM GLS COVER SAM S9+,1201065,,39269099,1
INBASE TEMGLS IPHN 6+,1201070,,39269099,1
QUANTOM TEM 4D SCR IPHN 8 BAL,1201083,,39269099,1
QUANTOM TEM 4D SCR IPHN 8 WHI,1201084,,39269099,1
QUANTOM TEM 4D SCR IPHN 8+ BA,1201085,,39269099,1
QUANTOM TEM 4D SCR IPHN 8+ WH,1201086,,39269099,1
QUANTOM TEM 4D SCR IPHN X,1201087,,39269099,1
QUANTOM TEM 4D SCR J7 PRIME,1201089,,39269099,1
QUANTOM TEM 4D SCR MI NOT 5,1201101,,39269099,1
QUANTOM TEM 4DSCR MI NOT5PRO B,1201102,,39269099,1
QUANTOM TEM 4DSCR MI NOT5PRO W,1201103,,39269099,1
QUANTOM TEM 4D SCR VIVO V9,1201110,,39269099,1
ROCK TEM SCR SAMJ7 PRIME,1201117,,39269099,1
U CS  SAMB355 EXCEL,1201168,,39269099,1
iBall 10000 mAh PB,1201179,,39269099,1
INTEX PB-10000 mAh PB,1201187,,39269099,1
KMASHI 10000 mAh KMP-816,1201188,,39269099,1
Mi PB -2 10000 MAH,1201190,,39269099,1
QUANTUM PB 10000 mAh,1201194,,39269099,1
SYSKA 10000 mAh PB X-100,1201198,,39269099,1
ZEBRONICS 10000 mAh PB,1201199,,39269099,1
SCRGRD DTEK60,1201209,,39269099,1
GO-LIFE MICRO USB TYPE C CABLE,1201214,,39269099,1
INBASE iLLUMINATEIPHN 5CABL,1201224,,39269099,1
INBASE iLLUMINATE TYPE C CABL,1201226,,39269099,1
TRAVEL CHRG EP-TA20IWEUGIN,1201253,,39269099,1
Philips H/F-SHE1505BK/94,1201255,,39269099,1
Carry Bags,1201257,,39269099,1
INBASE SANTA BARBE CS IPHN 8+,1201269,,39269099,1
QUANTUM 4D GLASS OPPO F7 - BLK,1201273,,39269099,1
QUANTUM 4D GLASS SAM A8+ BLACK,1201274,,39269099,1
TEMGLSS SCRGRD SAMJ7DUO,1201281,,39269099,1
INBASE 3D TEMPRD GLS REDMINOT4,1201282,,39269099,1
COMBO SAMSUNG SCOOP SPEAKER,1201284,,39269099,1
WH-108 WIRED EARPHONE OG NOKIA,1201288,,39269099,1
QUANTUM 4D FULL GLASS NOKIA 7+,1201294,,39269099,1
APPLE 3 WATCH 42 MM,1201296,,39269099,1
ROCK V IPHN X RPC1331,1201297,,39269099,1
QUANTUM TEMGLS NOKIA 1,1201300,,39269099,1
BT SPEKER SCOOP-EO-SG510CDEGIN,1201301,,39269099,1
HARD SILICON BKCS SAM J7DUO,1201303,,39269099,1
PORTRONICS EARPHONE  CONCH 204,1201304,,39269099,1
PROTRONICS 3 IN 1 CABLE ,1201305,,39269099,1
PORTRONICS MICOR USDB CABLE ,1201306,,39269099,1
PORTRONICS LIGHTINING USB,1201307,,39269099,1
PORTRONICS TYPE C CABLE,1201308,,39269099,1
PORTRONICS CHRG  3.4 A,1201309,,39269099,1
PORTRONICS CHRG  2.1 A,1201310,,39269099,1
MI BT HDST BASIC ,1201313,,39269099,1
INDIA ADAPTER 9V 2A BLACK,1201314,,39269099,1
SAMGP-J600AMCFAAA Black,1201315,,39269099,1
SAMGP-J600AMCFAAC Blue,1201316,,39269099,1
SAMGP-J600AMCFAAB Gold,1201317,,39269099,1
SAMEF-WA600CBEGIN Black,1201319,,39269099,1
SAMEF-WA600CFEGIN Gold,1201320,,39269099,1
SAMEF-PA600CBEGIN Black,1201321,,39269099,1
SAMEF-PA600CFEGIN Gold,1201322,,39269099,1
SAMEF-WA605CBEGIN Black,1201323,,39269099,1
SAMEF-WA605CFEGIN Gold,1201324,,39269099,1
SAMEF-PA605CBEGIN Black,1201325,,39269099,1
SAMEF-PA605CFEGIN Gold,1201326,,39269099,1
MICRO SD CARD-4GB,1201352,,39269099,1
S9+ SILIC COVER EF-PG965TBEGIN,1201355,,39269099,1
SAMS8+ EF-ZG955CFEGIN COVER,1201365,,39269099,1
IPHN 6/7/8 PLUS WHITE TEMGLS,1201416,,39269099,1
IPHN 6/7/8 PLUS BLACK TEMGLS,1201417,,39269099,1
Potronics Konnect Pro IPHN POR,1201435,,39269099,1
SAMEP-LN915UBEGIN ADAPTIV CHRG,1201440,,39269099,1
NOKIA DBLE USB CAR CHRG DC-80,1201462,,39269099,1
EXTRA BASS XB450 AP WIRED HDST,1201655,,39119090,1
J7 NEXT GP-J700WSCPAAA CS,1201693,,39269099,1
J7 PRO GP-J730AMCPDAA CS,1201694,,39269099,1
A6 EF-WA600CFEGIN WALLET COVER,1201695,,39269099,1
NOTE-5 PRO METALLIC CS,1201696,,39269099,1
Sam EP-N5100BBNGIN-WRLS CHRG,1201703,,39269099,1
STUFFCOOL USB 2.0 TO USB 3.1 CABLE USB C,1201708,,39269099,1
IBALL EARPHONE JEWEL,1201711,,39269099,1
APPLE  EARPODS -LIGHTINING,1201719,,39269099,1
INTEX 10000MAH PB,1201720,,39269099,1
ZEBRONICS NOBLE BT SPEAKER,1201734,,39269099,1
INBAS iLLUMINATE MICROUSB CAB,1201740,,39269099,1
"SAM TAB-A / T285 7 "" TEMPGLASS",1201755,,39269099,1
SAMA6+ METALLIC BKCS,1201867,,39269099,1
MOTO E5+ METALLIC BACK CASE,1201868,,39269099,1
SENNHEISER CX-7.00 BT,1201871,,85183000,1
AP WH SRIS-4 44M GPS MU6D2HN/A,1201926,,85176290,1
REDMI NOTE6 PRO 360 DEGREE BC,1201966,,39269099,1
MIX BATTERY,1201970,,85076000,1
ZV-8GB MICRO SD CARD,1201981,,85235100,1
MZ-16GB MICRO SD CARD,1201982,,85076000,1
MZ-32GB MICRO SD CARD,1201983,,85076000,1
MZ-4GB MICRO SD CARD,1201984,,85044090,1
VIVO Y93 FULL TEMPERED GLASS,1201989,,70200090,1
ORAIMO OCW-I92D FAST CHARGER,1201990,,85044090,1
VIVO Y93 HAPI POLO BACK CASE,1201991,,39269099,1
NOKIA 6.1 PLUS TEMPERED GLASS,1201992,,39269099,1
INSTALLATION GEL 1L REFIL PACK,1201993,,39269099,1
STUFFCOOL CAELFDL-BLK ADAPTOR,1201994,,85044090,1
STUFFCOOL CAELF-BLK ADAPTOR,1201995,,85044090,1
ACCEDE CAR CHRG 3 USB 3.1AMP ,1201996,,85044030,1
ACCEDE HOME CHRG DUAL USB 2.1,1201997,,85044030,1
DIGITEK USB TRV CHRG - 1 PORT,1201998,,85044090,1
DIGITEK USB TRV CHRG -2 PORT,1201999,,85044090,1
STUFFCOOL WCFLQK-BLK ADAPTOR,1202000,,85044090,1
STUFFCOOL WCSMT2-WHT ADAPTOR,1202001,,85044090,1
ACCEDE HOME DUAL USB 2.4 AMP ,1202002,,85044030,1
ACCEDE TINY BOOSTER 1AMP ADPT,1202003,,85044030,1
STOFFCOOL BOULET24-BLK ADAPTOR,1202004,,85044030,1
I-BALL GWOOVY A5 BLUETOOTH,1202005,,85176290,1
STUFFCOOL LSBTH BLUETOOTH,1202006,,85176290,1
SONY SBH-56 BLUETOOTH,1202007,,85176290,1
SONY MDR-XB70BT BLUETOOTH,1202008,,85176290,1
MULTI CAR PIN IN-500 MMC CHRG,1202009,,85044090,1
CAPDASE CA00-0701 CHARGER,1202010,,85044090,1
V8 PIN 2IN ONE USB CHARGER,1202011,,85044090,1
STUFFCOOL CATRP-BLK CHARGER,1202012,,85044090,1
ACCEDE TRV CHRG WITH WIRE 1.5,1202013,,85044030,1
STUFFCOOL CKELDBRG-BLK CHARGER,1202014,,85044090,1
STUFFCOOL HKSMT2BRG-WHT CHRG,1202015,,85044090,1
ACCEDE 20-20 1 AMP IPHONE CHRG,1202016,,85044030,1
ACCEDE 20-20 1 AMP MICRO CHRG,1202017,,85044030,1
ACCEDE FITY-FIFTY 2 MICRO CHRG,1202018,,85044030,1
ACCEDE CH TRAVEL CHRG 0.5 CHRG,1202019,,85044030,1
SOFTY 3IN 1 CAR CHRG WITH WIRE,1202020,,85044030,1
STUFFCOOL HKUNOMI-BLK CHARGER,1202021,,85044030,1
SONY CP-AD2M4 4-PORT CORD CHRG,1202022,,85044090,1
DIGITEK DCR-012 CARD READER,1202023,,84718000,1
IWALK IPHONE 5 2.4A LIGHTNG CB,1202024,,85444299,1
STUFFCOOL LGRPD-WHT DATA CABLE,1202025,,85444299,1
STUFFCOOL LGFNS-GRY DATA CABLE,1202026,,85444299,1
ACCEDE MICRO USB CB 1.5M CB,1202027,,85444299,1
FONOKASE IPHONE USB DATA CABLE,1202028,,85444299,1
DIGITEK IPHONE 6 HD 1 Mtr CB,1202029,,85444299,1
STUFFCOOL LGRPDP-WHT CABLE,1202030,,85444299,1
FONOKASE AUX DATA CABLE,1202031,,85444299,1
FONOKASE 2 IN 1 DATA CABLE,1202032,,85444299,1
ACCEDE APPLE MFI LIGHTNGCB CB,1202033,,85444299,1
ACCEDE APPLE USBLIGHT 1.5MT CB,1202034,,85444299,1
ACCEDE MICRO USB 1.5MTR CABLE,1202035,,85444299,1
ACCEDE MICRO USB 2IN1 LIGHT CB,1202036,,85444299,1
ACCEDE 2.1A MICRO USB CB CB,1202037,,85444299,1
ACCEDE GENIUS 2.4AMP TYPE-C CB,1202038,,85444299,1
ACCEDE CHALLENGER 1  MICRO CB,1202039,,85444299,1
ACCEDE TRNSFRMR OTG MICRUSB CB,1202040,,85444299,1
STUFFCOOL MIDOS-BLK/GRY CABLE,1202041,,85444299,1
STFCL USBCA-HIRO/TYPE C 2.0 CB,1202042,,85444299,1
STFCL MI-HIRO / MICRO USB CB,1202043,,85444299,1
ACCEDE UNI2.1A LIGHT/PHONE CB,1202044,,85444299,1
ACCEDE CRISTAL 2.4A /IPHONE CB,1202045,,85444299,1
STUFFCOOL MRQUSBC-WHT CABLE,1202046,,85444299,1
DEMO SAMSUNG SCOOP SPEAKER,1202047,,39119090,1
SENNHEISER CX275 DEMO,1202048,,85183000,1
SKULL CANDY INK D MIC DEMO,1202049,,85183000,1
SKULL CANDY UPROCK DEMO,1202050,,85183000,1
SONY MDR EX-150AP DEMO,1202051,,85183000,1
SONY MDRZX-310AP DEMO,1202052,,85183000,1
SONY MDR-XB250 DEMO,1202053,,85183000,1
SONY MDRZX-110AP DEMO,1202054,,85183000,1
SENNHEISER HD202 EAR PHONE,1202055,,85183000,1
SENNHEISER PX80 EAR PHONE,1202056,,85183000,1
SONY MDR-G45LP EAR PHONE,1202057,,85183000,1
SKLCNDY RIFF MIC EAR PHONE,1202058,,85183000,1
SONY MDR-EX750AP EAR PHONE,1202059,,85183000,1
SKLCNDY UPROAR W/MIC EAR PHONE,1202060,,85183000,1
PHILIPS SHL3060 EAR PHONE,1202061,,85183000,1
MI IN-EAR HEADPHONES PRO HD EP,1202062,,85183000,1
SONY MDR-XB510AS EAR PHONE,1202063,,85183000,1
SONY MDR-AS210 EAR PHONE,1202064,,85183000,1
ONE MORE PISTON CLASSIC EP,1202065,,85183000,1
STFCL MOZHF01-BLK/WHT EP,1202066,,85183000,1
STFCL VIVHF02-WHT/GRY EP,1202067,,85183000,1
SAM EO-IG930BBEGIN / LEVEL EP,1202068,,85183000,1
RECONNECT BTH/M-BTV2.1 BT,1202069,,85176290,1
FONOKASE MICROM USB DATA CABLE,1202070,,85444299,1
I-BALL JOVIAL C9 HEAD SET,1202071,,85183000,1
ANGRY BIRD FOR TABS POUCH,1202072,,39269099,1
IPHONE 5S BACK CASE POUCH,1202073,,39269099,1
CASE MATE CM031623 IPHONE 6 ,1202074,,39269099,1
CASE MATE CM031390 IPHONE 6 ,1202075,,39269099,1
IPHONE 5 WITH POWE BACK POUCH,1202076,,39269099,1
XIAOMI M4 NILKIN FLIP POUCH,1202077,,39269099,1
SAM S6 G920 NILKIN FLIP POUCH,1202078,,39269099,1
SAM S6 G925 NILKIN BC POUCH,1202079,,39269099,1
SAM S6 EDGE MAGPIE BC POUCH,1202080,,39269099,1
IPHONE 6 ASTON MARTIN BC POUCH,1202081,,39269099,1
SAM A7 2016 MAGPIE BC POUCH,1202082,,39269099,1
SAM A7 2016 NILKIN FLIP POUCH,1202083,,39269099,1
SAM A7 2016 SOFTY FLIP POUCH,1202084,,39269099,1
Letv Le 1S METALIC BC POUCH,1202085,,39269099,1
REMAX SELFIE STICK POUCH,1202086,,39269099,1
OPPO R9 NILKIN BACK CASE POUCH,1202087,,39269099,1
SAM A7 2016 BACK CASE POUCH,1202088,,39269099,1
OPPO F1 MAGPIE BACK CASE POUCH,1202089,,39269099,1
OPPO F1S SOFTY FLIP POUCH,1202090,,39269099,1
OPPO F1S BACK CASE POUCH,1202091,,39269099,1
LETV NILKIN FLIP POUCH,1202092,,39269099,1
ASUS ZENFONE 2 NILKIN FLIP ,1202093,,39269099,1
REDMI MI 3 METALLIC BC POUCH,1202094,,39269099,1
ZENFONE 3 NILKIN FLIP POUCH,1202095,,39269099,1
ZENFONE 3 NILKIN BC POUCH,1202096,,39269099,1
LENOVO K5 NOTE NILKIN BC POUCH,1202097,,39269099,1
HONOR 8 METALLIC  BC POUCH,1202098,,39269099,1
VIVO V5 SOFTY FLIP POUCH,1202099,,39269099,1
REDMI NOTE-3 MAGPIE BC POUCH,1202100,,39269099,1
SAM J2 ACE SOFTY FLIP POUCH,1202101,,39269099,1
LENOVO K5 PLUS NILKIN BC POUCH,1202102,,39269099,1
VIVO Y67 / V5 METALLIC BC ,1202103,,39269099,1
ASUS ZENFONE GO NILLJIN BC ,1202104,,39269099,1
VIVO V5 BACK CASE POUCH,1202105,,39269099,1
VIVO V5S METALLIC BC POUCH,1202106,,39269099,1
ASUS ZENFON ZB501KL NILKIN BC,1202107,,39269099,1
ASUS ZENFN 3SMAX/ZC521TL NILFP,1202108,,39269099,1
HONOR 8 PRO BACK CASE POUCH,1202109,,39269099,1
SCR TEMGLS SAM S3 NEO I9300I,1202110,,70200090,1
SAMSUNG T231 TEMPERED GLASS,1202111,,70200090,1
SAMSUNG T705 TEMPERED GLASS,1202112,,70200090,1
ZENFONE 2 LASER TEMPERED GLASS,1202113,,70200090,1
GIONEE P5L TEMPERED GLASS,1202114,,70200090,1
LYF FLAME-1 TEMPERED GLASS,1202115,,70200090,1
LYF WATER-2 TEMPERED GLASS,1202116,,70200090,1
LYF WATER-7 TEMPERED GLASS,1202117,,70200090,1
LYF FLAME-6 TEMPERED GLASS,1202118,,70200090,1
SAMSUNG A510 2016 FULL TEMGLS,1202119,,70200090,1
LYF WATER-8 TEMPERED GLASS,1202120,,70200090,1
ZENFONE GO 4.5 TEMPERED GLASS,1202121,,70200090,1
SAMSUNG Z2 TEMPERED GLASS,1202122,,70200090,1
MOTO G4 PLAY TEMPERED GLASS,1202123,,70200090,1
LYF FLAME-8 TEMPERED GLASS,1202124,,70200090,1
LYF FLAME-7 TEMPERED GLASS,1202125,,70200090,1
LYF WATER-11 TEMPERED GLASS,1202126,,70200090,1
HONOR 8 FULL TEMPERED GLASS,1202127,,70200090,1
ONE PLUS X TEMPERED GLASS,1202128,,70200090,1
VIVO V5 PLUS TEMEPRED GLASS,1202129,,70200090,1
VIVO V5 PLUS FTG,1202130,,70200090,1
GIONEE A1 TEMPERED GLASS,1202131,,70200090,1
XIAOMI REMDI 3S FULL TEMGLS,1202132,,70200090,1
ASUS/ZENFONE 3 MAX 5.5/ZC553KL,1202133,,70200090,1
ASUS/Zenfone 3S Max/ZC521TL,1202134,,70200090,1
GIONEE A1 PLUS TEM GLS,1202135,,70200090,1
INBASE TEMGLS SAM GRAND NEO+,1202136,,70200090,1
INBASE TEMGLS M. LUMIA 730,1202137,,70200090,1
INBASE TEMGLS M. LUMIA 540,1202138,,70200090,1
INBASE TEMGLS M. LUMIA 550,1202139,,70200090,1
INBASE TEMGLS M. LUMIA 650,1202140,,70200090,1
INBASE ELEMENT  BC IPHONE 5SE,1202141,,39269099,1
INBASE ELEMENT  BC IPHONE 6S,1202142,,39269099,1
INBASE GLASS BC SAM CORE G360H,1202143,,85299090,1
INBASE BOSS BC FOR IPHONE 6S+,1202144,,39269099,1
SAM S6S COVER EF-CG920BBEGIN,1202145,,39269099,1
INBASE UNIQUE SAM GRAND NEO+,1202146,,39269099,1
IPAD MINI FLIP POUCH,1202147,,39269099,1
UNIVERSAL 8 INCH TAB FLIP ,1202148,,39269099,1
UNIVERAL 9 INCH TAB FLIP POUCH,1202149,,39269099,1
UNIVERSAL 10 INCH TAB FLIP ,1202150,,39269099,1
STUFFCOOL ATIPADA2-BLK POUCH,1202151,,42023190,1
STUFFCOOL HTIP647-BLK POUCH,1202152,,42023190,1
STUFFCOOL FLXIP655-BLK POUCH,1202153,,42023190,1
STUFFCOOL FLXIP647-GLD POUCH,1202154,,42023190,1
STUFFCOOL ETMCIP647-BLK POUCH,1202155,,42023190,1
SAM T350/T355 FOLIO FLIP POUCH,1202156,,39269099,1
IPHONE 6 METALLIC BC POUCH,1202157,,39269099,1
IPHONE 6 MAGPIE ALUMINIUM BC ,1202158,,39269099,1
IPHONE 6 TRANSPARENT BC POUCH,1202159,,39269099,1
SAM T561 TAB KUKE FLIP POUCH,1202160,,39269099,1
UNIVERSAL 7 INCH POUCH,1202161,,39269099,1
SAM T350/T355 SOFTY FLIP POUCH,1202162,,39269099,1
SAM J5 NILKIN BACK CASE POUCH,1202163,,42023190,1
IPHONE 6 PLUS NILKIN BC POUCH,1202164,,42023190,1
SAMSUNG J5 NILKIN FLIP POUCH,1202165,,42023190,1
IPAD AIR-2 SOFTY FLIP POUCH,1202166,,39269099,1
IPAD 2/3/4 SOFTY FLIP POUCH,1202167,,39269099,1
SAM T815 /TAB S2 SOFTY FLIP ,1202168,,39269099,1
IPAD MINI SOFTY FLIP POUCH,1202169,,39269099,1
STUFFCOOL ELIP647-GRY POUCH,1202170,,42023190,1
SAMSUNG J5 BACK CASE POUCH,1202171,,39269099,1
SAMSUNG ON7 BACK CASE POUCH,1202172,,39269099,1
SAMSUNG ON5 BACK CASE POUCH,1202173,,39269099,1
IPHONE 5S MOTOMO BC POUCH,1202174,,39269099,1
IPHONE 6 PLUS MOTOMO BC POUCH,1202175,,39269099,1
SAM S7 EDGE MAGPIE BC POUCH,1202176,,39269099,1
SAM J2 NILKIN BACK CASE POUCH,1202177,,42023190,1
ZENFONE MAX NILKIN BC POUCH,1202178,,42023190,1
SAM G930/S7 NILKIN FLIP POUCH,1202179,,42023190,1
SAM G935 / S7 EDGE SOFTY FLIP ,1202180,,39269099,1
STUFFCOOL CLFSGS7EDGE POUCH,1202181,,42023190,1
IPHONE 6/6S YOUNICOU BC POUCH,1202182,,39269099,1
SAM S7/G930 PLATINUM 3D CASE ,1202183,,39269099,1
SAM A710 2016 QIN FLIP POUCH,1202184,,42023190,1
SAM S7 EDGE/G935 MOTOMO BC ,1202185,,39269099,1
MOTO G4 PLUS NILKIN BC POUCH,1202186,,42023190,1
OPPO A37 METALIC BC POUCH,1202187,,39269099,1
OPPO A37 SOFTY FLIP POUCH,1202188,,39269099,1
STFCL ACFIP7-CLR SOFTBCIPHONE7,1202189,,42023190,1
DCIP7-RGLD ALUM CS IPHONE 7+,1202190,,42023190,1
OTWIP647-BLK/BRN LTHR BC IPH 6,1202191,,42023190,1
PTRNIP7-CLR/TRGLD TEXT CS IPH7,1202192,,42023190,1
VGRSIPADM4-BLU/GRYBC-IPADMINI4,1202193,,42023190,1
IPHONE 7 MAGPIE TRSP BC POUCH,1202194,,39269099,1
IPHONE 7 MAGPIE HARD CASE ,1202195,,39269099,1
IPHONE 7 PLUS MAGPIE HARD BC ,1202196,,39269099,1
IPHONE 7 MAGPIE SLIM CASE ,1202197,,39269099,1
IPHONE 7 PLUS MAGPIE SLIM BC ,1202198,,39269099,1
IPHONE 7 MAGPIE ALUMINIUM CASE,1202199,,39269099,1
IPHONE 7+ MAGPIE ALUMINIUM BC,1202200,,39269099,1
IPHONE 7 METALLIC BC POUCH,1202201,,39269099,1
IPHONE 7 PLUS METALLIC BC ,1202202,,39269099,1
SAM J2 METALLIC BC POUCH,1202203,,39269099,1
SAM J2 2016 METALLIC BC POUCH,1202204,,39269099,1
SAM A9 PRO METALLIC BC POUCH,1202205,,39269099,1
IPHONE 7 NILKIN BC POUCH,1202206,,42023190,1
SAM J5 2016 NILKIN BC POUCH,1202207,,42023190,1
SAM J5 2016 METALLIC BC POUCH,1202208,,39269099,1
IPHONE 6S PLUS METALLIC BC ,1202209,,39269099,1
IPHONE 7 IPAKY BACK CASE POUCH,1202210,,39269099,1
IPHONE 7 SLIM LEATHER CASE ,1202211,,39269099,1
IPHONE 7 PLUS SLIM LEATHER BC ,1202212,,39269099,1
SAM J2 PRIME NILKIN BC POUCH,1202213,,42023190,1
SAM G935 / S7 EDGE METALLIC BC,1202214,,39269099,1
IPHONE 6S METALLIC BC POUCH,1202215,,39269099,1
REDMI NOTE-4 METALLIC BC POUCH,1202216,,39269099,1
REDMI MI-MAX PRIME METALLIC BC,1202217,,39269099,1
IPHONE 5S METALLIC BC POUCH,1202218,,39269099,1
SAM J2 ACE NILKIN FLIP POUCH,1202219,,42023190,1
REDMI NOTE-4 SOFTY FLIP POUCH,1202220,,39269099,1
SAM J1 4GB/ J120 NILKIN BC ,1202221,,42023190,1
OPPO A57 NILKIN BC POUCH,1202222,,42023190,1
REDMI NOTE-4 NILKIN BC POUCH,1202223,,42023190,1
SAM C9 PRO NILKIN BC POUCH,1202224,,42023190,1
LENOVO K5 PLUS  NILLKIN FLIP  ,1202225,,42023190,1
OPPO A57 NILLIKIN FLIP POUCH,1202226,,42023190,1
REDMI NOTE 4 NILLIKIN FLIP ,1202227,,42023190,1
SAM J120 4G NILIKIN FLIP POUCH,1202228,,42023190,1
OPPO A57 METALLIC BC POUCH,1202229,,39269099,1
SAM J1 4GB/ J120 METALLIC BC ,1202230,,39269099,1
LENOVO K6 NOTE METALLIC BC ,1202231,,39269099,1
SAM C9 PRO MAGPIE BC POUCH,1202232,,39269099,1
SAM A5 2017 MAGPIE BC POUCH,1202233,,39269099,1
SAM A7 2017 MAGPIE BC POUCH,1202234,,39269099,1
IPAD AIR/5/6/7 SOFTY FLIP ,1202235,,39269099,1
SAM J7 PRIME BACK CASE POUCH,1202236,,39269099,1
XIAOMI REDMI MI MAX BC POUCH,1202237,,39269099,1
MOTO G5 BACK CASE POUCH,1202238,,39269099,1
MOTO G5 PLUS BACK CASE POUCH,1202239,,39269099,1
SAM A5 2017 NILKIN BC POUCH,1202240,,42023190,1
SAM A7 2017 NILKIN BC POUCH,1202241,,42023190,1
XIAOMI REDMI MI MAX NILKIN BC ,1202242,,42023190,1
XIAOMI REDMI MI MAX NILKIN FP ,1202243,,42023190,1
REDMI MI 4A IPAKY 4 CUT BC ,1202244,,39269099,1
SAM A5 2017 BACK CASE POUCH,1202245,,39269099,1
SAMSUNG C9 PRO BACK CASE POUCH,1202246,,39269099,1
SAMSUNG A9 PRO BACK CASE POUCH,1202247,,39269099,1
IPHONE 7 BACK CASE POUCH,1202248,,39269099,1
IPHONE 7 PLUS BACK CASE POUCH,1202249,,39269099,1
SAM S8/G950 MAGPIE BC POUCH,1202250,,39269099,1
MOTO G5 PLUS MAGPIE BC POUCH,1202251,,39269099,1
SAM S8 PLUS / G955 MAGPIE BC ,1202252,,39269099,1
STUFFCOOL VGSGA717-BRN/DBRN ,1202253,,42023190,1
STUFFCOOL VGSGA517-BRN/DBRN ,1202254,,42023190,1
STFCL S8+/G955 AROSGS8+-CLR ,1202255,,42023190,1
SAM J2 PRIME NILKIN FLIP POUCH,1202256,,42023190,1
SAM J2 PRIME METALLIC BC POUCH,1202257,,39269099,1
LENOVO K5 NOTE METALLIC BC ,1202258,,39269099,1
REDMI MI MAX METALLIC BC ,1202259,,39269099,1
SAM A5 2017 METALLIC BC POUCH,1202260,,39269099,1
REDMI NOTE-4A METALLIC BC ,1202261,,39269099,1
SAM S8 / G950 BACK CASE POUCH,1202262,,39269099,1
SAM S8 PLUS / G955 BC POUCH,1202263,,39269099,1
SAMSUNG GP-G955ICCPHYA POUCH,1202264,,42023190,1
SAM G950 / S8 METALLIC BC ,1202265,,39269099,1
SAM G955 / S8 PLUS METALLIC BC,1202266,,39269099,1
SAM A5 2017 NILKIN FLIP POUCH,1202267,,42023190,1
REDMI NOTE-4A MAGPIE BC ,1202268,,39269099,1
SAM A7 2017 METALLIC BC POUCH,1202269,,39269099,1
SAM S8 FONOKASE BC POUCH,1202270,,39269099,1
SAM S8 PLUS FONOKASE BC POUCH,1202271,,39269099,1
MOTO G5 PLUS METALLIC BC POUCH,1202272,,39269099,1
MOTO G5 NILKIN BACK CASE POUCH,1202273,,42023190,1
SAM J5 PRIME BACK CASE POUCH,1202274,,39269099,1
XIAOMI REDMI 4A NILKIN BC ,1202275,,42023190,1
OPPO F3 PLUS NILKIN FLIP POUCH,1202276,,42023190,1
OPPO F3 NILKIN BACK CASE POUCH,1202277,,42023190,1
XIAOMI REDMI 4 SOFTY FLIP ,1202278,,39269099,1
OPPO F3 METALLIC BC POUCH,1202279,,39269099,1
OPPO F3+ / R9S+ METALLIC BC ,1202280,,39269099,1
XIAOMI REDMI 4 METALLIC BC ,1202281,,39269099,1
NOKIA 3 METALLIC BC POUCH,1202282,,39269099,1
OPPO F3 NILKIN FLIP POUCH,1202283,,39269099,1
XIAOMI REDMI 4A NILKIN FLIP ,1202284,,39269099,1
NOKIA-3 NILKIN BACK CASE POUCH,1202285,,39269099,1
SAM J7 MAX METALLIC BC POUCH,1202286,,39269099,1
XIAOMI REDMI 4 SOFT CASE POUCH,1202287,,40169990,1
SAM C7 PRO SOFTY FLIP POUCH,1202288,,39269099,1
XIAOMI REDMI 4/4X NILKIN FLIP ,1202289,,39269099,1
NOKIA-5 METALLLIC BC POUCH,1202290,,39269099,1
SAM G950 / S8 MAGPIE FUSION BC,1202291,,39269099,1
SAM G955 /S8+ MAGPIE FUSION BC,1202292,,39269099,1
IPHONE 7+ MAGPIE FUSION BC ,1202293,,39269099,1
IPHONE 7 MAGPIE FUSION CASE ,1202294,,39269099,1
IPHONE 6/6S MAGPIE FUSION BC ,1202295,,39269099,1
NOKIA 5 NILKIN BACK CASE POUCH,1202296,,39269099,1
XIAOMI MI MAX-2 NILKIN FLIP ,1202297,,39269099,1
NOKIA 6 NILKIN FLIP POUCH,1202298,,39269099,1
VIVO Y69 SOFTY FLIP POUCH,1202299,,39269099,1
STFCL PRAZMAX-CLX /ZENFONE MAX,1202300,,42023190,1
STUFFCOOL CRFINK5 / NOKIA 5 ,1202301,,42023190,1
STUFFCOOL CRFINK6 / NOKIA 6 ,1202302,,42023190,1
SAM NOTE-8/N950 BASEUS GLAZEBC,1202303,,39269099,1
IPHONE 7/8 BASEUS BC POUCH,1202304,,39269099,1
NOKIA-5 SOFTY FLIP POUCH,1202305,,39269099,1
NOKIA-3 SOFTY FLIP POUCH,1202306,,39269099,1
SAM NOTE-8 SOFTY BC POUCH,1202307,,39269099,1
SAM NOTE-8/N950 NILKIN BC ,1202308,,39269099,1
SAM NOTE-8/N950 NILKIN FLIP ,1202309,,39269099,1
SAM NOTE-8/N950 BASEUS WING BC,1202310,,39269099,1
SAM NOTE-8/N915 BASEUS THIN BC,1202311,,39269099,1
SAM NOTE-8/N950BASEUS GLITR BC,1202312,,39269099,1
NOKIA-6 NILKIN BACK CASE POUCH,1202313,,39269099,1
SAM NOTE-8/N950 MILITARY BC ,1202314,,39269099,1
SAM S7 EDGE/G935 MILITARY BC ,1202315,,39269099,1
SAM J7 PRO MILITARY BC POUCH,1202316,,39269099,1
OPPO A71 SOFTY FLIP POUCH,1202317,,39269099,1
STUFFCOOL RESIP8-CLR/BLK POUCH,1202318,,42023190,1
STUFFCOOL ETOSGN8-BLK POUCH,1202319,,42023190,1
VIVO Y69 NILKIN BC POUCH,1202320,,39269099,1
OPPO F5 BACK CASE POUCH,1202321,,39269099,1
SAM EF-NN950PFEGIN/ NOTE-8 ,1202322,,39269099,1
REDMI 5X/A1 METALLIC BC ,1202323,,39269099,1
XIAOMI REDMI NOTE-5A SOFTY FP ,1202324,,39269099,1
REDMI Y1 LITE NILKIN BC ,1202325,,39269099,1
SAM EF-XN950ABEGIN / NOTE-8 ,1202326,,39269099,1
BENZ IP6+/6S+/MEHCP6LRCABK,1202327,,39269099,1
GRIPP IPHONE X / GR-IPX-CCTPT ,1202328,,39269099,1
IP6+/6S+/UNIQ-IP6SPHYB-BDCBLK,1202329,,39269099,1
FER LEATHR IIPH 7/8/FEOVHCP7RE,1202330,,39269099,1
MERC DYNAMIC IPH-6/6S/MEHCP6GR,1202331,,39269099,1
MERC NWOOD IPH-6/6S/MEHCP6MYBR,1202332,,39269099,1
CHAMBRAY IPH7/8/UNIQ-IP7HYBBEG,1202333,,39269099,1
FER URBAN IPH-7/8 /FEURHCP7REB,1202334,,39269099,1
CHAMBRAY IPH-7/8/UNIQ-IP7HYBBL,1202335,,39269099,1
FER FORMLA IPH-6+/FEFOCHCP6LRE,1202336,,39269099,1
COMBAT IPH-7/8/UNIQ-IP7HYB-COM,1202337,,39269099,1
GRIPPSTRIPL IPH-X/GR-IPX-ASTPT,1202338,,39269099,1
KNV IPH-X/UNIQ-IPXHYB-GLCLKBLK,1202339,,39269099,1
MERC IPH-6+/6S+/MEHCP6LPEGR,1202340,,39269099,1
GRIPP TUX IPH-X /GR-IPX-TUXGRY,1202341,,39269099,1
KAN IPH-X/UNIQ-IPXHYB-GLCLKGRY,1202342,,39269099,1
FER TRACK IPH-7/8/FEOFOHCP7RE,1202343,,39269099,1
FER FOR IPH-6+/FEFOCHCP6LBL,1202344,,39269099,1
OTFT IPH7/8/UNIQ-IP7HYB-OFTCML,1202345,,39269099,1
GRIPP CLEAR IPH-X/GR-IPX-CCSMK,1202346,,39269099,1
IPAD AIR2/UNIQ-PD6GAR-TRHERBLX,1202347,,39269099,1
GRIPP IPAD 9.7/GR-IP97-RUBBLK,1202348,,39269099,1
ONE PLUS 5 NILKIN BC POUCH,1202349,,39269099,1
XIAOMI REDMI Y1 DEFENDER BC ,1202350,,39269099,1
MOTO G5 PLUS DEFENDER BC POUCH,1202351,,39269099,1
XIAOMI REDMI-4 DEFENDER BC ,1202352,,39269099,1
VIVO V7 DEFENDER BC POUCH,1202353,,39269099,1
IPHONE 7/8 QUCASE POUCH,1202354,,39269099,1
IPHONE 7/8 PLUS QUCASE POUCH,1202355,,39269099,1
SAMSUNG J7 MAX QUCASE POUCH,1202356,,39269099,1
SAMSUNG S8 PLUS QUCASE POUCH,1202357,,39269099,1
SAMSUNG S7 EDGE QUCASE POUCH,1202358,,39269099,1
SAMSUNG J7 PRO QUCASE POUCH,1202359,,39269099,1
IPHONE X QUCASE POUCH,1202360,,39269099,1
IPHONE X JOYROOM BC POUCH,1202361,,39269099,1
IPHONE 7/8 JOYROOM BC POUCH,1202362,,39269099,1
SAM S8 JOYROOM BACK CASE POUCH,1202363,,39269099,1
SAM S8 PLUS JOYROOM BC POUCH,1202364,,39269099,1
IPAD 9.7 SMART FLIP COVER ,1202365,,39269099,1
IPAD PRO 10.5 SMART FP COVER ,1202366,,39269099,1
IPHONE 7 VORSON BC POUCH,1202367,,39269099,1
SAM S7 EDGE VORSON BC POUCH,1202368,,39269099,1
SAM S8 PLUS VORSON BC POUCH,1202369,,39269099,1
SAM S8 VORSON BACK CASE POUCH,1202370,,39269099,1
IPHONE 7 BASEUS HALF TO HALF ,1202371,,39269099,1
IPHONE X DESING KINGXBAR CASE ,1202372,,39269099,1
IPHONE 7 DESING KINGXBAR CASE ,1202373,,39269099,1
SAM S8 DESING KINGXBAR CASE ,1202374,,39269099,1
IPHONE 6+ DESING KINGXBAR BC ,1202375,,39269099,1
MOTO C PLUS LOGO BC POUCH,1202376,,39269099,1
SAM C7 PRO LOGO BC POUCH,1202377,,39269099,1
XIAOMI REDMI 4 LOGO BC POUCH,1202378,,39269099,1
XIAOMI REDMI Y1 LITE LOGO BC ,1202379,,39269099,1
SAM J7 PRO LOGO BC POUCH,1202380,,39269099,1
XIAOMI REDMI A1 LOGO BC POUCH,1202381,,39269099,1
SAM J7 MAX LOGO BC POUCH,1202382,,39269099,1
XIAOMI REDMI 4A LOGO BC POUCH,1202383,,39269099,1
LENOVO K8 NOTE LOGO BC POUCH,1202384,,39269099,1
IPHONE 6S LOGO BACK CASE POUCH,1202385,,39269099,1
IPHONE 7 LOGO BACK CASE POUCH,1202386,,39269099,1
XIAOMI REDMI Y1 LOGO BC POUCH,1202387,,39269099,1
OPPO F3 LOGO BACK CASE POUCH,1202388,,39269099,1
OPPO F1S LOGO BACK CASE POUCH,1202389,,39269099,1
XIAOMI REDMI NOTE-4 LOGO BC ,1202390,,39269099,1
VIVO V5S LOGO BACK CASE POUCH,1202391,,39269099,1
IPHONE 7 NILKIN BARDE METAL BC,1202392,,39269099,1
IPHONE 7+NILKIN BARDE METAL BC,1202393,,39269099,1
FER QUILTED IPH-X /FEHQUHCPXBK,1202394,,39269099,1
FER QUILTED IPH-X /FEHQUHCPXRE,1202395,,39269099,1
FER SILICON IPH-X/FESSIHCPXBK,1202396,,39269099,1
FER OFFTRACK IPH-X/FEURHCPXREB,1202397,,39269099,1
FER RACING IPH-X /FESCODHCPXBK,1202398,,39269099,1
SAMSUNG S8 QUCASE POUCH,1202399,,39269099,1
ONE PLUS 5T NILKIN FLIP POUCH,1202400,,39269099,1
XIAOMI REDMI Y1 NILKIN BC ,1202401,,39269099,1
REDMI Y1 LITE METALLIC BC ,1202402,,39269099,1
OPPO F5 METALLIC BC POUCH,1202403,,39269099,1
XIAOMI REDMI Y1 METALLIC BC ,1202404,,39269099,1
IPHONE X METALLIC BC POUCH,1202405,,39269099,1
XIAOMI REDMI 5X/A1 NILKIN BC ,1202406,,39269099,1
OPPO F5 NILKIN BACK CASE POUCH,1202407,,39269099,1
IPHONE 6/6S IPAKY 360 DEG BC ,1202408,,39269099,1
IPHONE 7 PLUS IPAKY 360DEG BC ,1202409,,39269099,1
REDMI NOTE-4 FANCY CASE ,1202410,,39269099,1
REDMI Y1 LITE RICHBOSS FP ,1202411,,39269099,1
XIAOMI REDMI Y1 RICHBOSS FLIP ,1202412,,39269099,1
OPPO F3 RICHBOSS FLIP POUCH,1202413,,39269099,1
LENOVO K8 NOTE RICHBOSS FLIP ,1202414,,39269099,1
REDMI 5X/A1 RICHBOSS FP ,1202415,,39269099,1
OPPO F3 PLUS RICHBOSS FLIP ,1202416,,39269099,1
OPPO F5 RICHBOSS FLIP POUCH,1202417,,39269099,1
IPAD PRO-2 SMART FLIP POUCH,1202418,,39269099,1
SAM J7 MAX 360 DEGREE CASE ,1202419,,39269099,1
SAM C9 PRO 360 DEGREE CASE ,1202420,,39269099,1
VIVO Y69 360 DEGREE CASE POUCH,1202421,,39269099,1
SAM C7 PRO 360 DEGREE CASE ,1202422,,39269099,1
OPPO A71 360 DEGREE CASE POUCH,1202423,,39269099,1
SAM J7 PRIME LOGO BC POUCH,1202424,,39269099,1
IPHONE X LOGO BACK CASE POUCH,1202425,,39269099,1
IPHONE 8 LOGO BACK CASE POUCH,1202426,,39269099,1
VIVO V7 PLUS LOGO BC POUCH,1202427,,39269099,1
OPPO F5 LOGO BACK CASE POUCH,1202428,,39269099,1
SAM J2 LOGO BACK CASE POUCH,1202429,,39269099,1
ONE PLUS 5 LOGO BC POUCH,1202430,,39269099,1
LENOVO K8 PLUS LOGO BC POUCH,1202431,,39269099,1
XIAOMI 5A LOGO BACK CASE POUCH,1202432,,39269099,1
XIAOMI REDMI MIX-2 NILKIN BC ,1202433,,39269099,1
SONY XPERIA XA1 PLUS NILKIN BC,1202434,,39269099,1
ONE PLUS 5T METALLIC BC POUCH,1202435,,39269099,1
VIVO V7 RICHBOSS FLIP POUCH,1202436,,39269099,1
XIAOMI REDMI 5A RICHBOSS FLIP ,1202437,,39269099,1
ASUS ZEN4SELFIE/ZD553KL NIL BC,1202438,,39269099,1
ONE PLUS 5T OG BACK CASE POUCH,1202439,,39269099,1
REDMI NOTE-5 BIGBOSS FP ,1202440,,39269099,1
SAM EF-ZG960CBEGIN / S9 POUCH,1202441,,39269099,1
SAM S9 PLUS METALLIC BC POUCH,1202442,,39269099,1
SAM S9 QIN NILKIN FLIP POUCH,1202443,,39269099,1
SAM S9 PLUS QIN NILKIN FLIP ,1202444,,39269099,1
XIAOMI REDMI NOTE-5 MATE BC ,1202445,,39269099,1
REDMI NOTE-5 PRO MATE BC ,1202446,,39269099,1
VIVO V7 METALLIC BC POUCH,1202447,,39269099,1
SAM S9 PLUS AUTO FOCUS BC ,1202448,,39269099,1
SAM S9 AUTO FOCUS BC POUCH,1202449,,39269099,1
SAM EF-FA730PBEGIN / A8 PLUS ,1202450,,39269099,1
SAM EF-FA730PFEGIN / A8 PLUS ,1202451,,39269099,1
SAM EF-ZG960CVEGIN / S9 POUCH,1202452,,39269099,1
REDMI NOTE-5 PRO RICHBOSS FP ,1202453,,39269099,1
LENOVO K8 PLUS RICHBOSS FLIP ,1202454,,39269099,1
XIAOMI NOTE-5 PRO NILKIN FLIP ,1202455,,39269099,1
OPPO F7 SOFTY BACK CASE POUCH,1202456,,39269099,1
VIVO V9 SOFTY BACK CASE POUCH,1202457,,39269099,1
SAM S9 QUCASE BACK CASE POUCH,1202458,,39269099,1
SAM S9 PLUS QUCASE BC POUCH,1202459,,39269099,1
NOKIA-2 SOFTY FLIP POUCH,1202460,,39269099,1
VIVO V9 RICHBOSS FLIP POUCH,1202461,,39269099,1
SAM S9 BASEUS GLITTER CASE ,1202462,,39269099,1
OPPO F7 METALLIC BC POUCH,1202463,,39269099,1
SANDISK 64GB PENDRIVE,1202464,,85235100,1
SANDISK 32GB WIRELESS PENDIRVE,1202465,,85235100,1
SANDISK 16GB WIRELESS PENDRIVE,1202466,,85235100,1
SANDISK 128GB PENDRIVE,1202467,,85235100,1
SANDISK IXPAND 128GB USB3.0 PD,1202468,,85235100,1
SANDISK WIRELESS 128GB PD,1202469,,85235100,1
IPAD MINI TEMPERED GLASS,1202470,,70200090,1
SAMSUNG TAB S2/T815 TEMGLS,1202471,,70200090,1
SAMSUNG TAB-E/T561 TEMGLS,1202472,,70200090,1
IPAD 2/3/4 TEMPERED GLASS,1202473,,70200090,1
IPAD MINI 4 TEMPERED GLASS,1202474,,70200090,1
ZENFONE MAX TEMPERED GLASS,1202475,,70200090,1
MOTO G4 PLUS TEMPERED GLASS,1202476,,70200090,1
SAMSUNG G930 / S7 FULL TEMGLS,1202477,,70200090,1
SAMSUNG J710 FULL TEMGLS,1202478,,70200090,1
SAMSUNG C9 PRO TEMPERED GLASS,1202479,,70200090,1
REDMI NOTE-4 FULL TEMGLS,1202480,,70200090,1
OPPO F3 PLUS TEMPERED GLASS,1202481,,70200090,1
OPPO F3 FULL TEMEPERED GLASS,1202482,,70200090,1
VIVO Y66 FULL TEM GLS,1202483,,70200090,1
XIAOMI REDMI 4A FULL TEM GLS,1202484,,70200090,1
SAMSUNG J7 PRO FULL TEM GLS,1202485,,70200090,1
XIAOMI 5X/A1 FULL TEM GLS,1202486,,70200090,1
NOKIA 6 FULL TEM GLS,1202487,,70200090,1
XIAOMI 5X/A1 TEM GLS,1202488,,70200090,1
MOTO G5S PLUS TEM GLS,1202489,,70200090,1
VIVO Y69  FULL TEM GLS,1202490,,70071900,1
OPPO A71 FULL TEM GLS,1202491,,70071900,1
MOTO C PLUS TEM GLS,1202492,,70071900,1
OPPO F5 FULL TEM GLS,1202493,,70071900,1
VIVO V7 FULL TEM GLS,1202494,,70071900,1
NOKIA-8 TEM GLS,1202495,,70071900,1
LENOVO K8 PLUS TEM GLS,1202496,,70071900,1
LAVA Z80 TEM GLS,1202497,,70071900,1
LAVA Z90 TEM GLS,1202498,,70071900,1
SAMSUNG S3 9.7 INCH TEM GLS,1202499,,70071900,1
PEBBLE XS SPEAKER,1202500,,85182200,1
ADPT M2 ADPT,1202501,,85044090,1
SAMSUNG SRACH N WIN OFFER AC,1700004,,39269099,0
13TH ANNIVERSARY BOWELSET,1700009,,39269099,0
F CASHIER CHAIR -001,1700010,,39269099,0
DUSSERA 300 RS F  RECHARGE,1700012,,39269099,0
DUSSERA F  RECHARGE 500 RS,1700013,,39269099,0
DUSSERA F  RECHARGE 750 RS,1700014,,39269099,0
F  LG SCRATCH CARD,1700036,,39269099,0
NOKIA DIWALI SCRATCH,1700084,,39269099,0
NOKIA DIWALI SCRATCH CARD,1700085,,39269099,0
ONE LAKH SECONDS F  OFFER,1700087,,39269099,0
USAGE DATA CARD-RELIANCE,1700105,,39269099,0
CASHIER CHAIR,1700118,,39269099,0
SOFA 2 SEATER,1700156,,39269099,0
SOFA 3 SEATER,1700157,,39269099,0
MICROMAX LED TV 32 BIPS3000 HD,1700161,,94054090,0
CARRIER BAG,1700162,,39269099,0
F SINGER REFRIGERATOR 180 LTRS,1700163,,84182100,0
F IBALL BT SPEAKER NOKIA N7+,1700164,,39269099,0
F NOKIA 8 SIROCCO IBALL BT SPK,1700165,,39269099,0
F CELKON SILVER COIN GIFT,1700166,,39269099,0
F HEADSETS GIFT,1700167,,39269099,0
F SWISS MILTRY EARBUDS NOKIA 7.1,1700168,,39269099,0
